event_id,po_id,worker_id,time_start,intent,item,quantity,unit,lot_code,supplier,in_reply_to,utterance
EVT-001,PO-4419,W-17,2026-09-12T14:02:11+00:00,receive,romaine,40,cases,R2298,Fresh Farms,,"receiving 40 cases of romaine, lot R2298, from Fresh Farms"
EVT-002,PO-4419,W-17,2026-09-12T14:04:40+00:00,confirm_discrepancy,romaine,40,cases,R2298,Fresh Farms,CLQ-RCV-4419-ROM,"yeah that's right, only 40 on the pallet, not 50"
EVT-S0102,PO-4421,W-18,2026-09-11T18:02:00+00:00,receive,strawberries,20,cases,S4410,Berry Grove Co,,"receiving 20 cases of strawberries, lot S4410, from Berry Grove Co"
EVT-S0103,PO-4420,W-17,2026-09-11T15:30:00+00:00,receive,spinach,30,cases,P1188,GreenLeaf Produce,,"receiving 30 cases of spinach, lot P1188, from GreenLeaf Produce"
EVT-S0104,PO-4418,W-17,2026-09-10T20:10:00+00:00,receive,kale,12,cases,K3302,Fresh Farms,,"receiving 12 cases of kale, lot K3302, from Fresh Farms"
EVT-S0105,PO-4415,W-19,2026-09-10T12:00:00+00:00,receive,avocado,100,cases,A8801,Berry Grove Co,,"receiving 100 cases of avocado, lot A8801, from Berry Grove Co"
EVT-S0106,PO-4412,W-18,2026-09-09T17:42:00+00:00,receive,tomatoes,48,cases,T5510,CoolChain Farms,,"receiving 48 cases of tomatoes, lot T5510, from CoolChain Farms"
EVT-S0107,PO-4410,W-17,2026-09-08T09:40:00+00:00,receive,spinach,18,cases,P1170,GreenLeaf Produce,,"receiving 18 cases of spinach, lot P1170, from GreenLeaf Produce"
EVT-S0108,PO-4408,W-19,2026-09-08T11:15:00+00:00,receive,romaine,50,cases,R2201,Fresh Farms,,"receiving 50 cases of romaine, lot R2201, from Fresh Farms"
EVT-S0109,PO-4402,W-18,2026-09-08T16:05:00+00:00,receive,avocado,40,cases,,Fresh Farms,,"receiving 40 cases of avocado from Fresh Farms, slip has no lot code"
EVT-S0110,PO-4399,W-17,2026-09-05T10:55:00+00:00,receive,mixed greens,20,cases,M7701,CoolChain Farms,,"receiving 20 cases of mixed greens, lot M7701, from CoolChain Farms"
EVT-S0111,PO-4406,W-19,2026-09-12T10:34:00+00:00,receive,blueberries,30,cases,B4406,Valley Mist,,"receiving 30 cases of blueberries, lot B4406, from Valley Mist"
EVT-S0112,PO-4406,W-19,2026-09-12T10:37:00+00:00,confirm_discrepancy,blueberries,30,cases,B4406,Valley Mist,CLQ-RCV-4406-BLU,"yeah that's right, 30 on the pallet, PO only called for 24"
EVT-S0113,PO-4404,W-18,2026-09-11T12:17:00+00:00,receive,tomatoes,40,cases,T4404,Pacific Pack,,"receiving 40 cases of tomatoes, lot T4404, from Pacific Pack"
EVT-S0114,PO-4403,W-17,2026-09-10T08:24:00+00:00,receive,kale,16,cases,K4403,Harbor Greens,,"receiving 16 cases of kale, lot K4403, from Harbor Greens"
EVT-S0115,PO-4398,W-19,2026-09-09T13:52:00+00:00,receive,romaine,30,cases,R4398,Sierra Packing,,"receiving 30 cases of romaine, lot R4398, from Sierra Packing"
EVT-S0116,PO-5002,W-19,2026-09-07T11:09:42+00:00,receive,herbs,50,cases,H5002-88,Sierra Packing,,"receiving 50 cases of herbs, lot H5002-88, from Sierra Packing"
EVT-S0117,PO-5003,W-19,2026-09-11T14:48:32+00:00,receive,strawberries,50,cases,S5003-67,High Desert Growers,,"receiving 50 cases of strawberries, lot S5003-67, from High Desert Growers"
EVT-S0118,PO-5004,W-19,2026-09-08T09:18:53+00:00,receive,strawberries,50,cases,S5004-19,High Desert Growers 2,,"receiving 50 cases of strawberries, lot S5004-19, from High Desert Growers 2"
EVT-S0119,PO-5005,W-19,2026-09-10T09:12:17+00:00,receive,romaine,42,cases,R5005-37,CoolChain Farms,,"receiving 42 cases of romaine, lot R5005-37, from CoolChain Farms"
EVT-S0120,PO-5005,W-19,2026-09-10T09:15:17+00:00,confirm_discrepancy,romaine,42,cases,R5005-37,CoolChain Farms,CLQ-RCV-5005-ROM,"yeah that's right, only 42 on the pallet, not 48"
EVT-S0121,PO-5005,W-19,2026-09-10T09:12:17+00:00,receive,avocado,50,cases,A5005-63,CoolChain Farms,,"receiving 50 cases of avocado, lot A5005-63, from CoolChain Farms"
EVT-S0122,PO-5005,W-19,2026-09-10T09:15:17+00:00,confirm_discrepancy,avocado,50,cases,A5005-63,CoolChain Farms,CLQ-RCV-5005-AVO,"yeah that's right, only 50 on the pallet, not 60"
EVT-S0123,PO-5006,W-19,2026-09-07T14:18:26+00:00,receive,romaine,48,cases,R5006-71,Pacific Pack,,"receiving 48 cases of romaine, lot R5006-71, from Pacific Pack"
EVT-S0124,PO-5007,W-18,2026-09-07T10:12:19+00:00,receive,potatoes,24,cases,P5007-72,Pacific Pack 3,,"receiving 24 cases of potatoes, lot P5007-72, from Pacific Pack 3"
EVT-S0125,PO-5008,W-18,2026-09-08T10:55:31+00:00,receive,cabbage,20,cases,C5008-69,Fresh Farms,,"receiving 20 cases of cabbage, lot C5008-69, from Fresh Farms"
EVT-S0126,PO-5009,W-18,2026-09-12T15:34:39+00:00,receive,cucumbers,6,cases,C5009-27,Sierra Packing,,"receiving 6 cases of cucumbers, lot C5009-27, from Sierra Packing"
EVT-S0127,PO-5010,W-18,2026-09-11T08:45:03+00:00,receive,kale,48,cases,K5010-45,GreenLeaf Produce,,"receiving 48 cases of kale, lot K5010-45, from GreenLeaf Produce"
EVT-S0128,PO-5011,W-17,2026-09-10T14:17:26+00:00,receive,corn,12,cases,C5011-54,GreenLeaf Produce,,"receiving 12 cases of corn, lot C5011-54, from GreenLeaf Produce"
EVT-S0129,PO-5012,W-17,2026-09-08T07:47:49+00:00,receive,herbs,24,cases,H5012-12,North Fork Cold 6,,"receiving 24 cases of herbs, lot H5012-12, from North Fork Cold 6"
EVT-S0130,PO-5013,W-17,2026-09-10T09:14:08+00:00,receive,strawberries,30,cases,S5013-57,Sunridge Organics,,"receiving 30 cases of strawberries, lot S5013-57, from Sunridge Organics"
EVT-S0131,PO-5014,W-17,2026-09-07T12:22:47+00:00,receive,romaine,4,cases,R5014-83,Fresh Farms 3,,"receiving 4 cases of romaine, lot R5014-83, from Fresh Farms 3"
EVT-S0132,PO-5015,W-19,2026-09-10T15:22:24+00:00,receive,carrots,24,cases,C5015-23,Pacific Pack,,"receiving 24 cases of carrots, lot C5015-23, from Pacific Pack"
EVT-S0133,PO-5016,W-17,2026-09-10T09:46:54+00:00,receive,broccoli,12,cases,B5016-54,Sierra Packing 2,,"receiving 12 cases of broccoli, lot B5016-54, from Sierra Packing 2"
EVT-S0134,PO-5017,W-19,2026-09-09T12:50:23+00:00,receive,mushrooms,50,cases,M5017-23,Fresh Farms,,"receiving 50 cases of mushrooms, lot M5017-23, from Fresh Farms"
EVT-S0135,PO-5018,W-18,2026-09-09T10:17:40+00:00,receive,tomatoes,60,cases,,Valley Mist 5,,"receiving 60 cases of tomatoes from Valley Mist 5, slip has no lot code"
EVT-S0136,PO-5019,W-19,2026-09-12T09:30:39+00:00,receive,tomatoes,30,cases,T5019-51,Fresh Farms 4,,"receiving 30 cases of tomatoes, lot T5019-51, from Fresh Farms 4"
EVT-S0137,PO-5020,W-18,2026-09-11T14:17:59+00:00,receive,tomatoes,48,cases,T5020-53,Fresh Farms,,"receiving 48 cases of tomatoes, lot T5020-53, from Fresh Farms"
EVT-S0138,PO-5021,W-17,2026-09-07T14:27:20+00:00,receive,spinach,30,cases,S5021-86,Berry Grove Co,,"receiving 30 cases of spinach, lot S5021-86, from Berry Grove Co"
EVT-S0139,PO-5022,W-17,2026-09-10T09:33:35+00:00,receive,potatoes,50,cases,P5022-81,Fresh Farms,,"receiving 50 cases of potatoes, lot P5022-81, from Fresh Farms"
EVT-S0140,PO-5022,W-17,2026-09-10T09:33:35+00:00,receive,corn,50,cases,C5022-92,Fresh Farms,,"receiving 50 cases of corn, lot C5022-92, from Fresh Farms"
EVT-S0141,PO-5023,W-18,2026-09-10T11:01:50+00:00,receive,onions,22,cases,O5023-70,Fresh Farms,,"receiving 22 cases of onions, lot O5023-70, from Fresh Farms"
EVT-S0142,PO-5023,W-18,2026-09-10T11:04:50+00:00,confirm_discrepancy,onions,22,cases,O5023-70,Fresh Farms,CLQ-RCV-5023-ONI,"yeah that's right, only 22 on the pallet, not 30"
EVT-S0143,PO-5024,W-19,2026-09-09T10:08:27+00:00,receive,onions,30,cases,O5024-49,North Fork Cold 7,,"receiving 30 cases of onions, lot O5024-49, from North Fork Cold 7"
EVT-S0144,PO-5025,W-17,2026-09-08T08:13:46+00:00,receive,herbs,24,cases,H5025-37,Berry Grove Co,,"receiving 24 cases of herbs, lot H5025-37, from Berry Grove Co"
EVT-S0145,PO-5025,W-17,2026-09-08T08:16:46+00:00,confirm_discrepancy,herbs,24,cases,H5025-37,Berry Grove Co,CLQ-RCV-5025-HER,"yeah that's right, 24 on the pallet, PO only called for 20"
EVT-S0146,PO-5026,W-19,2026-09-10T09:33:46+00:00,receive,limes,24,cases,L5026-47,Berry Grove Co 2,,"receiving 24 cases of limes, lot L5026-47, from Berry Grove Co 2"
EVT-S0147,PO-5027,W-19,2026-09-08T08:43:19+00:00,receive,romaine,12,cases,R5027-80,Fresh Farms,,"receiving 12 cases of romaine, lot R5027-80, from Fresh Farms"
EVT-S0148,PO-5027,W-19,2026-09-08T08:43:19+00:00,receive,spinach,20,cases,S5027-91,Fresh Farms,,"receiving 20 cases of spinach, lot S5027-91, from Fresh Farms"
EVT-S0149,PO-5028,W-19,2026-09-11T11:23:06+00:00,receive,iceberg,44,cases,I5028-16,Prairie Lot 4,,"receiving 44 cases of iceberg, lot I5028-16, from Prairie Lot 4"
EVT-S0150,PO-5028,W-19,2026-09-11T11:26:06+00:00,confirm_discrepancy,iceberg,44,cases,I5028-16,Prairie Lot 4,CLQ-RCV-5028-ICE,"yeah that's right, 44 on the pallet, PO only called for 40"
EVT-S0151,PO-5029,W-17,2026-09-08T14:33:30+00:00,receive,romaine,12,cases,R5029-29,Fresh Farms,,"receiving 12 cases of romaine, lot R5029-29, from Fresh Farms"
EVT-S0152,PO-5030,W-17,2026-09-07T12:00:19+00:00,receive,lettuce,16,cases,L5030-58,Fresh Farms,,"receiving 16 cases of lettuce, lot L5030-58, from Fresh Farms"
EVT-S0153,PO-5030,W-17,2026-09-07T12:00:19+00:00,receive,tomatoes,44,cases,T5030-85,Fresh Farms,,"receiving 44 cases of tomatoes, lot T5030-85, from Fresh Farms"
EVT-S0154,PO-5031,W-19,2026-09-12T09:48:36+00:00,receive,romaine,24,cases,R5031-90,Valley Mist 2,,"receiving 24 cases of romaine, lot R5031-90, from Valley Mist 2"
EVT-S0155,PO-5032,W-17,2026-09-07T12:50:05+00:00,receive,strawberries,48,cases,S5032-67,Berry Grove Co,,"receiving 48 cases of strawberries, lot S5032-67, from Berry Grove Co"
EVT-S0156,PO-5033,W-18,2026-09-10T11:12:18+00:00,receive,onions,50,cases,O5033-19,Fresh Farms,,"receiving 50 cases of onions, lot O5033-19, from Fresh Farms"
EVT-S0157,PO-5034,W-19,2026-09-10T15:05:16+00:00,receive,zucchini,24,cases,,Sierra Packing 3,,"receiving 24 cases of zucchini from Sierra Packing 3, slip has no lot code"
EVT-S0158,PO-5035,W-18,2026-09-09T11:50:14+00:00,receive,romaine,20,cases,R5035-49,Coastal Crisp 2,,"receiving 20 cases of romaine, lot R5035-49, from Coastal Crisp 2"
EVT-S0159,PO-5036,W-18,2026-09-09T14:14:36+00:00,receive,peppers,48,cases,P5036-44,Harbor Greens 5,,"receiving 48 cases of peppers, lot P5036-44, from Harbor Greens 5"
EVT-S0160,PO-5036,W-18,2026-09-09T14:14:36+00:00,receive,iceberg,50,cases,I5036-66,Harbor Greens 5,,"receiving 50 cases of iceberg, lot I5036-66, from Harbor Greens 5"
EVT-S0161,PO-5037,W-18,2026-09-07T07:32:56+00:00,receive,romaine,24,cases,R5037-96,High Desert Growers,,"receiving 24 cases of romaine, lot R5037-96, from High Desert Growers"
EVT-S0162,PO-5038,W-19,2026-09-11T12:06:37+00:00,receive,broccoli,20,cases,B5038-70,Coastal Crisp 6,,"receiving 20 cases of broccoli, lot B5038-70, from Coastal Crisp 6"
EVT-S0163,PO-5039,W-19,2026-09-09T10:58:58+00:00,receive,zucchini,16,cases,Z5039-70,GreenLeaf Produce,,"receiving 16 cases of zucchini, lot Z5039-70, from GreenLeaf Produce"
EVT-S0164,PO-5040,W-17,2026-09-08T10:02:20+00:00,receive,onions,30,cases,O5040-94,North Fork Cold 2,,"receiving 30 cases of onions, lot O5040-94, from North Fork Cold 2"
EVT-S0165,PO-5041,W-18,2026-09-12T14:08:48+00:00,receive,spinach,16,cases,S5041-61,Blue Mesa Farms,,"receiving 16 cases of spinach, lot S5041-61, from Blue Mesa Farms"
EVT-S0166,PO-5041,W-18,2026-09-12T14:08:48+00:00,receive,asparagus,12,cases,A5041-94,Blue Mesa Farms,,"receiving 12 cases of asparagus, lot A5041-94, from Blue Mesa Farms"
EVT-S0167,PO-5042,W-19,2026-09-11T11:08:26+00:00,receive,corn,50,cases,C5042-16,Fresh Farms,,"receiving 50 cases of corn, lot C5042-16, from Fresh Farms"
EVT-S0168,PO-5043,W-18,2026-09-07T11:53:08+00:00,receive,iceberg,12,cases,I5043-90,Fresh Farms 6,,"receiving 12 cases of iceberg, lot I5043-90, from Fresh Farms 6"
EVT-S0169,PO-5044,W-19,2026-09-09T09:14:45+00:00,receive,avocado,24,cases,A5044-24,Berry Grove Co,,"receiving 24 cases of avocado, lot A5044-24, from Berry Grove Co"
EVT-S0170,PO-5044,W-19,2026-09-09T09:14:45+00:00,receive,tomatoes,16,cases,T5044-92,Berry Grove Co,,"receiving 16 cases of tomatoes, lot T5044-92, from Berry Grove Co"
EVT-S0171,PO-5045,W-19,2026-09-11T11:27:59+00:00,receive,avocado,50,cases,A5045-70,Fresh Farms 3,,"receiving 50 cases of avocado, lot A5045-70, from Fresh Farms 3"
EVT-S0172,PO-5046,W-19,2026-09-08T11:54:09+00:00,receive,green beans,22,cases,G5046-63,Pacific Pack,,"receiving 22 cases of green beans, lot G5046-63, from Pacific Pack"
EVT-S0173,PO-5046,W-19,2026-09-08T11:57:09+00:00,confirm_discrepancy,green beans,22,cases,G5046-63,Pacific Pack,CLQ-RCV-5046-GRE,"yeah that's right, 22 on the pallet, PO only called for 16"
EVT-S0174,PO-5047,W-17,2026-09-08T13:55:32+00:00,receive,spinach,50,cases,S5047-29,GreenLeaf Produce,,"receiving 50 cases of spinach, lot S5047-29, from GreenLeaf Produce"
EVT-S0175,PO-5048,W-19,2026-09-09T11:19:22+00:00,receive,beets,18,cases,B5048-83,CoolChain Farms,,"receiving 18 cases of beets, lot B5048-83, from CoolChain Farms"
EVT-S0176,PO-5048,W-19,2026-09-09T11:22:22+00:00,confirm_discrepancy,beets,18,cases,B5048-83,CoolChain Farms,CLQ-RCV-5048-BEE,"yeah that's right, only 18 on the pallet, not 24"
EVT-S0177,PO-5049,W-18,2026-09-08T14:30:49+00:00,receive,onions,48,cases,O5049-59,High Desert Growers,,"receiving 48 cases of onions, lot O5049-59, from High Desert Growers"
EVT-S0178,PO-5050,W-17,2026-09-12T13:57:52+00:00,receive,romaine,60,cases,R5050-85,Coastal Crisp 2,,"receiving 60 cases of romaine, lot R5050-85, from Coastal Crisp 2"
EVT-S0179,PO-5051,W-17,2026-09-08T08:03:55+00:00,receive,tomatoes,14,cases,T5051-93,Sunridge Organics 4,,"receiving 14 cases of tomatoes, lot T5051-93, from Sunridge Organics 4"
EVT-S0180,PO-5052,W-18,2026-09-12T07:50:30+00:00,receive,onions,8,cases,O5052-96,Red River Produce 3,,"receiving 8 cases of onions, lot O5052-96, from Red River Produce 3"
EVT-S0181,PO-5052,W-18,2026-09-12T07:53:30+00:00,confirm_discrepancy,onions,8,cases,O5052-96,Red River Produce 3,CLQ-RCV-5052-ONI,"yeah that's right, only 8 on the pallet, not 16"
EVT-S0182,PO-5053,W-18,2026-09-11T10:26:20+00:00,receive,romaine,16,cases,R5053-40,Valley Mist 2,,"receiving 16 cases of romaine, lot R5053-40, from Valley Mist 2"
EVT-S0183,PO-5054,W-19,2026-09-10T15:03:18+00:00,receive,limes,16,cases,L5054-66,North Fork Cold 7,,"receiving 16 cases of limes, lot L5054-66, from North Fork Cold 7"
EVT-S0184,PO-5054,W-19,2026-09-10T15:03:18+00:00,receive,strawberries,30,cases,S5054-13,North Fork Cold 7,,"receiving 30 cases of strawberries, lot S5054-13, from North Fork Cold 7"
EVT-S0185,PO-5055,W-18,2026-09-07T13:59:03+00:00,receive,strawberries,48,cases,S5055-82,GreenLeaf Produce,,"receiving 48 cases of strawberries, lot S5055-82, from GreenLeaf Produce"
EVT-S0186,PO-5056,W-19,2026-09-10T08:44:10+00:00,receive,celery,24,cases,C5056-73,Berry Grove Co,,"receiving 24 cases of celery, lot C5056-73, from Berry Grove Co"
EVT-S0187,PO-5057,W-18,2026-09-12T08:25:14+00:00,receive,peppers,50,cases,P5057-46,Sunridge Organics,,"receiving 50 cases of peppers, lot P5057-46, from Sunridge Organics"
EVT-S0188,PO-5058,W-18,2026-09-10T08:32:04+00:00,receive,spinach,48,cases,S5058-98,Coastal Crisp,,"receiving 48 cases of spinach, lot S5058-98, from Coastal Crisp"
EVT-S0189,PO-5059,W-18,2026-09-08T14:24:19+00:00,receive,romaine,48,cases,R5059-83,Berry Grove Co,,"receiving 48 cases of romaine, lot R5059-83, from Berry Grove Co"
EVT-S0190,PO-5060,W-19,2026-09-08T09:43:44+00:00,receive,romaine,12,cases,R5060-87,GreenLeaf Produce,,"receiving 12 cases of romaine, lot R5060-87, from GreenLeaf Produce"
EVT-S0191,PO-5061,W-17,2026-09-10T14:18:57+00:00,receive,kale,24,cases,K5061-89,Coastal Crisp 5,,"receiving 24 cases of kale, lot K5061-89, from Coastal Crisp 5"
EVT-S0192,PO-5062,W-19,2026-09-08T13:38:46+00:00,receive,celery,12,cases,C5062-49,Coastal Crisp 3,,"receiving 12 cases of celery, lot C5062-49, from Coastal Crisp 3"
EVT-S0193,PO-5063,W-17,2026-09-11T07:29:37+00:00,receive,spinach,48,cases,S5063-32,Valley Mist,,"receiving 48 cases of spinach, lot S5063-32, from Valley Mist"
EVT-S0194,PO-5063,W-17,2026-09-11T07:29:37+00:00,receive,strawberries,60,cases,S5063-56,Valley Mist,,"receiving 60 cases of strawberries, lot S5063-56, from Valley Mist"
EVT-S0195,PO-5064,W-18,2026-09-09T14:59:17+00:00,receive,herbs,30,cases,H5064-53,Valley Mist 4,,"receiving 30 cases of herbs, lot H5064-53, from Valley Mist 4"
EVT-S0196,PO-5065,W-17,2026-09-11T11:11:04+00:00,receive,potatoes,40,cases,P5065-21,Fresh Farms,,"receiving 40 cases of potatoes, lot P5065-21, from Fresh Farms"
EVT-S0197,PO-5066,W-18,2026-09-11T07:19:16+00:00,receive,corn,30,cases,C5066-84,Blue Mesa Farms,,"receiving 30 cases of corn, lot C5066-84, from Blue Mesa Farms"
EVT-S0198,PO-5067,W-17,2026-09-08T12:38:23+00:00,receive,celery,52,cases,C5067-88,Fresh Farms,,"receiving 52 cases of celery, lot C5067-88, from Fresh Farms"
EVT-S0199,PO-5068,W-19,2026-09-08T07:44:40+00:00,receive,avocado,20,cases,A5068-15,CoolChain Farms 4,,"receiving 20 cases of avocado, lot A5068-15, from CoolChain Farms 4"
EVT-S0200,PO-5069,W-17,2026-09-12T09:47:31+00:00,receive,romaine,50,cases,R5069-57,Fresh Farms,,"receiving 50 cases of romaine, lot R5069-57, from Fresh Farms"
EVT-S0201,PO-5070,W-18,2026-09-10T13:32:44+00:00,receive,potatoes,48,cases,P5070-93,High Desert Growers 6,,"receiving 48 cases of potatoes, lot P5070-93, from High Desert Growers 6"
EVT-S0202,PO-5071,W-18,2026-09-07T11:22:39+00:00,receive,kale,50,cases,K5071-66,Pacific Pack,,"receiving 50 cases of kale, lot K5071-66, from Pacific Pack"
EVT-S0203,PO-5071,W-18,2026-09-07T11:22:39+00:00,receive,herbs,40,cases,H5071-22,Pacific Pack,,"receiving 40 cases of herbs, lot H5071-22, from Pacific Pack"
EVT-S0204,PO-5072,W-19,2026-09-12T10:20:34+00:00,receive,avocado,24,cases,A5072-25,Coastal Crisp 5,,"receiving 24 cases of avocado, lot A5072-25, from Coastal Crisp 5"
EVT-S0205,PO-5073,W-17,2026-09-12T14:13:29+00:00,receive,carrots,12,cases,C5073-16,Fresh Farms,,"receiving 12 cases of carrots, lot C5073-16, from Fresh Farms"
EVT-S0206,PO-5074,W-17,2026-09-11T09:16:08+00:00,receive,lettuce,24,cases,L5074-85,Sierra Packing 3,,"receiving 24 cases of lettuce, lot L5074-85, from Sierra Packing 3"
EVT-S0207,PO-5074,W-17,2026-09-11T09:16:08+00:00,receive,strawberries,24,cases,S5074-52,Sierra Packing 3,,"receiving 24 cases of strawberries, lot S5074-52, from Sierra Packing 3"
EVT-S0208,PO-5075,W-18,2026-09-11T13:55:57+00:00,receive,romaine,20,cases,R5075-79,GreenLeaf Produce 2,,"receiving 20 cases of romaine, lot R5075-79, from GreenLeaf Produce 2"
EVT-S0209,PO-5077,W-18,2026-09-10T11:41:07+00:00,receive,kale,6,cases,K5077-74,Valley Mist 3,,"receiving 6 cases of kale, lot K5077-74, from Valley Mist 3"
EVT-S0210,PO-5077,W-18,2026-09-10T11:44:07+00:00,confirm_discrepancy,kale,6,cases,K5077-74,Valley Mist 3,CLQ-RCV-5077-KAL,"yeah that's right, only 6 on the pallet, not 16"
EVT-S0211,PO-5078,W-19,2026-09-08T12:26:02+00:00,receive,tomatoes,12,cases,T5078-17,Berry Grove Co 3,,"receiving 12 cases of tomatoes, lot T5078-17, from Berry Grove Co 3"
EVT-S0212,PO-5079,W-17,2026-09-12T14:25:25+00:00,receive,radish,16,cases,R5079-20,High Desert Growers,,"receiving 16 cases of radish, lot R5079-20, from High Desert Growers"
EVT-S0213,PO-5080,W-19,2026-09-08T08:27:04+00:00,receive,broccoli,40,cases,B5080-58,Fresh Farms,,"receiving 40 cases of broccoli, lot B5080-58, from Fresh Farms"
EVT-S0214,PO-5081,W-19,2026-09-12T11:43:18+00:00,receive,cabbage,16,cases,C5081-93,Coastal Crisp,,"receiving 16 cases of cabbage, lot C5081-93, from Coastal Crisp"
EVT-S0215,PO-5082,W-17,2026-09-10T13:45:35+00:00,receive,green beans,48,cases,G5082-68,Fresh Farms 3,,"receiving 48 cases of green beans, lot G5082-68, from Fresh Farms 3"
EVT-S0216,PO-5083,W-18,2026-09-08T13:25:06+00:00,receive,kale,28,cases,K5083-70,CoolChain Farms,,"receiving 28 cases of kale, lot K5083-70, from CoolChain Farms"
EVT-S0217,PO-5083,W-18,2026-09-08T13:28:06+00:00,confirm_discrepancy,kale,28,cases,K5083-70,CoolChain Farms,CLQ-RCV-5083-KAL,"yeah that's right, 28 on the pallet, PO only called for 20"
EVT-S0218,PO-5084,W-17,2026-09-07T14:17:05+00:00,receive,kale,20,cases,,Fresh Farms,,"receiving 20 cases of kale from Fresh Farms, slip has no lot code"
EVT-S0219,PO-5085,W-19,2026-09-09T12:12:35+00:00,receive,kale,48,cases,K5085-16,Harbor Greens,,"receiving 48 cases of kale, lot K5085-16, from Harbor Greens"
EVT-S0220,PO-5085,W-19,2026-09-09T12:12:35+00:00,receive,lemons,30,cases,L5085-55,Harbor Greens,,"receiving 30 cases of lemons, lot L5085-55, from Harbor Greens"
EVT-S0221,PO-5086,W-18,2026-09-07T11:31:13+00:00,receive,romaine,60,cases,R5086-57,Fresh Farms,,"receiving 60 cases of romaine, lot R5086-57, from Fresh Farms"
EVT-S0222,PO-5087,W-18,2026-09-07T09:34:36+00:00,receive,limes,60,cases,,Berry Grove Co,,"receiving 60 cases of limes from Berry Grove Co, slip has no lot code"
EVT-S0223,PO-5088,W-18,2026-09-07T15:07:42+00:00,receive,spinach,30,cases,S5088-53,Valley Mist 4,,"receiving 30 cases of spinach, lot S5088-53, from Valley Mist 4"
EVT-S0224,PO-5088,W-18,2026-09-07T15:07:42+00:00,receive,kale,20,cases,K5088-28,Valley Mist 4,,"receiving 20 cases of kale, lot K5088-28, from Valley Mist 4"
EVT-S0225,PO-5089,W-19,2026-09-09T10:37:04+00:00,receive,romaine,60,cases,R5089-37,Fresh Farms,,"receiving 60 cases of romaine, lot R5089-37, from Fresh Farms"
EVT-S0226,PO-5090,W-18,2026-09-08T11:04:21+00:00,receive,lettuce,16,cases,L5090-16,Berry Grove Co,,"receiving 16 cases of lettuce, lot L5090-16, from Berry Grove Co"
EVT-S0227,PO-5091,W-17,2026-09-07T13:38:39+00:00,receive,cucumbers,50,cases,C5091-87,Fresh Farms,,"receiving 50 cases of cucumbers, lot C5091-87, from Fresh Farms"
EVT-S0228,PO-5092,W-17,2026-09-09T09:31:13+00:00,receive,romaine,50,cases,R5092-77,Pacific Pack 3,,"receiving 50 cases of romaine, lot R5092-77, from Pacific Pack 3"
EVT-S0229,PO-5093,W-19,2026-09-10T07:35:14+00:00,receive,strawberries,18,cases,S5093-42,Pacific Pack,,"receiving 18 cases of strawberries, lot S5093-42, from Pacific Pack"
EVT-S0230,PO-5093,W-19,2026-09-10T07:38:14+00:00,confirm_discrepancy,strawberries,18,cases,S5093-42,Pacific Pack,CLQ-RCV-5093-STR,"yeah that's right, only 18 on the pallet, not 24"
EVT-S0231,PO-5093,W-19,2026-09-10T07:35:14+00:00,receive,spinach,12,cases,S5093-73,Pacific Pack,,"receiving 12 cases of spinach, lot S5093-73, from Pacific Pack"
EVT-S0232,PO-5093,W-19,2026-09-10T07:38:14+00:00,confirm_discrepancy,spinach,12,cases,S5093-73,Pacific Pack,CLQ-RCV-5093-SPI,"yeah that's right, only 12 on the pallet, not 16"
EVT-S0233,PO-5094,W-19,2026-09-10T08:41:08+00:00,receive,broccoli,40,cases,B5094-19,Pacific Pack,,"receiving 40 cases of broccoli, lot B5094-19, from Pacific Pack"
EVT-S0234,PO-5095,W-18,2026-09-08T13:31:02+00:00,receive,asparagus,48,cases,A5095-83,Coastal Crisp,,"receiving 48 cases of asparagus, lot A5095-83, from Coastal Crisp"
EVT-S0235,PO-5096,W-18,2026-09-08T12:39:26+00:00,receive,kale,50,cases,K5096-98,GreenLeaf Produce,,"receiving 50 cases of kale, lot K5096-98, from GreenLeaf Produce"
EVT-S0236,PO-5096,W-18,2026-09-08T12:39:26+00:00,receive,radish,16,cases,R5096-65,GreenLeaf Produce,,"receiving 16 cases of radish, lot R5096-65, from GreenLeaf Produce"
EVT-S0237,PO-5097,W-19,2026-09-11T09:16:27+00:00,receive,asparagus,40,cases,A5097-38,Berry Grove Co 2,,"receiving 40 cases of asparagus, lot A5097-38, from Berry Grove Co 2"
EVT-S0238,PO-5097,W-19,2026-09-11T09:16:27+00:00,receive,kale,20,cases,K5097-19,Berry Grove Co 2,,"receiving 20 cases of kale, lot K5097-19, from Berry Grove Co 2"
EVT-S0239,PO-5098,W-18,2026-09-09T08:10:33+00:00,receive,lemons,20,cases,L5098-40,Red River Produce,,"receiving 20 cases of lemons, lot L5098-40, from Red River Produce"
EVT-S0240,PO-5099,W-17,2026-09-07T09:23:12+00:00,receive,cucumbers,20,cases,C5099-90,Berry Grove Co,,"receiving 20 cases of cucumbers, lot C5099-90, from Berry Grove Co"
EVT-S0241,PO-5100,W-18,2026-09-09T13:38:36+00:00,receive,green beans,40,cases,G5100-90,High Desert Growers 3,,"receiving 40 cases of green beans, lot G5100-90, from High Desert Growers 3"
EVT-S0242,PO-5101,W-19,2026-09-08T10:57:04+00:00,receive,spinach,12,cases,S5101-55,Sunridge Organics,,"receiving 12 cases of spinach, lot S5101-55, from Sunridge Organics"
EVT-S0243,PO-5102,W-17,2026-09-09T09:50:29+00:00,receive,spinach,16,cases,S5102-88,Coastal Crisp,,"receiving 16 cases of spinach, lot S5102-88, from Coastal Crisp"
EVT-S0244,PO-5103,W-19,2026-09-09T10:28:29+00:00,receive,tomatoes,24,cases,T5103-51,Berry Grove Co 2,,"receiving 24 cases of tomatoes, lot T5103-51, from Berry Grove Co 2"
EVT-S0245,PO-5104,W-18,2026-09-09T11:28:09+00:00,receive,cauliflower,40,cases,C5104-20,Red River Produce 6,,"receiving 40 cases of cauliflower, lot C5104-20, from Red River Produce 6"
EVT-S0246,PO-5104,W-18,2026-09-09T11:28:09+00:00,receive,iceberg,20,cases,I5104-15,Red River Produce 6,,"receiving 20 cases of iceberg, lot I5104-15, from Red River Produce 6"
EVT-S0247,PO-5105,W-19,2026-09-08T10:56:28+00:00,receive,kale,30,cases,K5105-59,Sierra Packing,,"receiving 30 cases of kale, lot K5105-59, from Sierra Packing"
EVT-S0248,PO-5106,W-19,2026-09-08T10:05:43+00:00,receive,romaine,16,cases,R5106-81,GreenLeaf Produce 2,,"receiving 16 cases of romaine, lot R5106-81, from GreenLeaf Produce 2"
EVT-S0249,PO-5107,W-19,2026-09-10T09:37:16+00:00,receive,carrots,20,cases,C5107-52,Berry Grove Co 3,,"receiving 20 cases of carrots, lot C5107-52, from Berry Grove Co 3"
EVT-S0250,PO-5108,W-18,2026-09-07T12:51:09+00:00,receive,onions,48,cases,O5108-26,Sierra Packing 5,,"receiving 48 cases of onions, lot O5108-26, from Sierra Packing 5"
EVT-S0251,PO-5109,W-18,2026-09-09T15:12:05+00:00,receive,kale,20,cases,K5109-95,CoolChain Farms,,"receiving 20 cases of kale, lot K5109-95, from CoolChain Farms"
EVT-S0252,PO-5110,W-19,2026-09-10T15:16:47+00:00,receive,peppers,52,cases,P5110-12,North Fork Cold 7,,"receiving 52 cases of peppers, lot P5110-12, from North Fork Cold 7"
EVT-S0253,PO-5110,W-19,2026-09-10T15:19:47+00:00,confirm_discrepancy,peppers,52,cases,P5110-12,North Fork Cold 7,CLQ-RCV-5110-PEP,"yeah that's right, only 52 on the pallet, not 60"
EVT-S0254,PO-5110,W-19,2026-09-10T15:16:47+00:00,receive,kale,14,cases,K5110-53,North Fork Cold 7,,"receiving 14 cases of kale, lot K5110-53, from North Fork Cold 7"
EVT-S0255,PO-5110,W-19,2026-09-10T15:19:47+00:00,confirm_discrepancy,kale,14,cases,K5110-53,North Fork Cold 7,CLQ-RCV-5110-KAL,"yeah that's right, only 14 on the pallet, not 20"
EVT-S0256,PO-5111,W-17,2026-09-12T11:20:12+00:00,receive,spinach,16,cases,S5111-74,Berry Grove Co,,"receiving 16 cases of spinach, lot S5111-74, from Berry Grove Co"
EVT-S0257,PO-5112,W-17,2026-09-11T14:19:47+00:00,receive,green beans,10,cases,G5112-29,GreenLeaf Produce 5,,"receiving 10 cases of green beans, lot G5112-29, from GreenLeaf Produce 5"
EVT-S0258,PO-5113,W-17,2026-09-07T14:17:44+00:00,receive,romaine,40,cases,R5113-96,Sunridge Organics 3,,"receiving 40 cases of romaine, lot R5113-96, from Sunridge Organics 3"
EVT-S0259,PO-5114,W-19,2026-09-10T15:28:28+00:00,receive,strawberries,24,cases,S5114-70,CoolChain Farms 2,,"receiving 24 cases of strawberries, lot S5114-70, from CoolChain Farms 2"
EVT-S0260,PO-5115,W-19,2026-09-11T08:51:23+00:00,receive,tomatoes,30,cases,T5115-58,Red River Produce 2,,"receiving 30 cases of tomatoes, lot T5115-58, from Red River Produce 2"
EVT-S0261,PO-5116,W-19,2026-09-09T10:46:10+00:00,receive,spinach,50,cases,,Berry Grove Co 4,,"receiving 50 cases of spinach from Berry Grove Co 4, slip has no lot code"
EVT-S0262,PO-5116,W-19,2026-09-09T10:46:10+00:00,receive,asparagus,60,cases,,Berry Grove Co 4,,"receiving 60 cases of asparagus from Berry Grove Co 4, slip has no lot code"
EVT-S0263,PO-5117,W-17,2026-09-12T13:16:54+00:00,receive,lettuce,30,cases,L5117-67,Red River Produce,,"receiving 30 cases of lettuce, lot L5117-67, from Red River Produce"
EVT-S0264,PO-5118,W-17,2026-09-11T08:27:53+00:00,receive,green beans,12,cases,G5118-63,Coastal Crisp,,"receiving 12 cases of green beans, lot G5118-63, from Coastal Crisp"
EVT-S0265,PO-5119,W-17,2026-09-07T11:29:23+00:00,receive,romaine,16,cases,R5119-93,Berry Grove Co,,"receiving 16 cases of romaine, lot R5119-93, from Berry Grove Co"
EVT-S0266,PO-5120,W-18,2026-09-08T08:26:08+00:00,receive,romaine,44,cases,R5120-88,Fresh Farms,,"receiving 44 cases of romaine, lot R5120-88, from Fresh Farms"
EVT-S0267,PO-5121,W-17,2026-09-07T07:52:01+00:00,receive,potatoes,60,cases,P5121-64,GreenLeaf Produce,,"receiving 60 cases of potatoes, lot P5121-64, from GreenLeaf Produce"
EVT-S0268,PO-5122,W-17,2026-09-07T09:39:15+00:00,receive,cucumbers,50,cases,C5122-18,CoolChain Farms,,"receiving 50 cases of cucumbers, lot C5122-18, from CoolChain Farms"
EVT-S0269,PO-5123,W-17,2026-09-07T14:55:31+00:00,receive,broccoli,20,cases,B5123-47,GreenLeaf Produce 2,,"receiving 20 cases of broccoli, lot B5123-47, from GreenLeaf Produce 2"
EVT-S0270,PO-5124,W-18,2026-09-09T12:26:22+00:00,receive,peppers,60,cases,P5124-56,GreenLeaf Produce,,"receiving 60 cases of peppers, lot P5124-56, from GreenLeaf Produce"
EVT-S0271,PO-5125,W-19,2026-09-07T11:41:34+00:00,receive,avocado,50,cases,A5125-15,Red River Produce,,"receiving 50 cases of avocado, lot A5125-15, from Red River Produce"
EVT-S0272,PO-5126,W-17,2026-09-10T15:34:23+00:00,receive,romaine,16,cases,R5126-94,GreenLeaf Produce,,"receiving 16 cases of romaine, lot R5126-94, from GreenLeaf Produce"
EVT-S0273,PO-5127,W-18,2026-09-10T13:47:37+00:00,receive,kale,40,cases,K5127-92,GreenLeaf Produce 3,,"receiving 40 cases of kale, lot K5127-92, from GreenLeaf Produce 3"
EVT-S0274,PO-5127,W-18,2026-09-10T13:47:37+00:00,receive,strawberries,50,cases,S5127-99,GreenLeaf Produce 3,,"receiving 50 cases of strawberries, lot S5127-99, from GreenLeaf Produce 3"
EVT-S0275,PO-5128,W-19,2026-09-09T08:45:51+00:00,receive,tomatoes,30,cases,T5128-35,Fresh Farms,,"receiving 30 cases of tomatoes, lot T5128-35, from Fresh Farms"
EVT-S0276,PO-5129,W-18,2026-09-07T08:54:56+00:00,receive,oranges,60,cases,O5129-70,Fresh Farms,,"receiving 60 cases of oranges, lot O5129-70, from Fresh Farms"
EVT-S0277,PO-5130,W-18,2026-09-08T13:37:41+00:00,receive,romaine,40,cases,R5130-44,Berry Grove Co,,"receiving 40 cases of romaine, lot R5130-44, from Berry Grove Co"
EVT-S0278,PO-5131,W-19,2026-09-07T10:20:27+00:00,receive,lemons,40,cases,L5131-33,Valley Mist 5,,"receiving 40 cases of lemons, lot L5131-33, from Valley Mist 5"
EVT-S0279,PO-5132,W-19,2026-09-09T11:26:23+00:00,receive,romaine,44,cases,R5132-65,Prairie Lot 5,,"receiving 44 cases of romaine, lot R5132-65, from Prairie Lot 5"
EVT-S0280,PO-5133,W-18,2026-09-09T14:13:11+00:00,receive,kale,30,cases,K5133-49,Blue Mesa Farms,,"receiving 30 cases of kale, lot K5133-49, from Blue Mesa Farms"
EVT-S0281,PO-5133,W-18,2026-09-09T14:13:11+00:00,receive,tomatoes,48,cases,T5133-31,Blue Mesa Farms,,"receiving 48 cases of tomatoes, lot T5133-31, from Blue Mesa Farms"
EVT-S0282,PO-5134,W-18,2026-09-10T10:11:28+00:00,receive,tomatoes,12,cases,T5134-19,Fresh Farms,,"receiving 12 cases of tomatoes, lot T5134-19, from Fresh Farms"
EVT-S0283,PO-5135,W-19,2026-09-10T10:39:23+00:00,receive,herbs,10,cases,H5135-14,Red River Produce,,"receiving 10 cases of herbs, lot H5135-14, from Red River Produce"
EVT-S0284,PO-5136,W-18,2026-09-07T09:12:49+00:00,receive,broccoli,10,cases,B5136-57,High Desert Growers 2,,"receiving 10 cases of broccoli, lot B5136-57, from High Desert Growers 2"
EVT-S0285,PO-5137,W-19,2026-09-08T13:42:04+00:00,receive,spinach,24,cases,S5137-24,Prairie Lot,,"receiving 24 cases of spinach, lot S5137-24, from Prairie Lot"
EVT-S0286,PO-5138,W-19,2026-09-07T08:47:31+00:00,receive,lettuce,50,cases,L5138-37,Red River Produce,,"receiving 50 cases of lettuce, lot L5138-37, from Red River Produce"
EVT-S0287,PO-5138,W-19,2026-09-07T08:47:31+00:00,receive,oranges,30,cases,O5138-98,Red River Produce,,"receiving 30 cases of oranges, lot O5138-98, from Red River Produce"
EVT-S0288,PO-5139,W-17,2026-09-12T11:23:12+00:00,receive,cauliflower,46,cases,C5139-97,Fresh Farms,,"receiving 46 cases of cauliflower, lot C5139-97, from Fresh Farms"
EVT-S0289,PO-5139,W-17,2026-09-12T11:26:12+00:00,confirm_discrepancy,cauliflower,46,cases,C5139-97,Fresh Farms,CLQ-RCV-5139-CAU,"yeah that's right, only 46 on the pallet, not 50"
EVT-S0290,PO-5140,W-19,2026-09-12T15:37:20+00:00,receive,blueberries,30,cases,B5140-30,North Fork Cold 2,,"receiving 30 cases of blueberries, lot B5140-30, from North Fork Cold 2"
EVT-S0291,PO-5140,W-19,2026-09-12T15:37:20+00:00,receive,onions,20,cases,O5140-56,North Fork Cold 2,,"receiving 20 cases of onions, lot O5140-56, from North Fork Cold 2"
EVT-S0292,PO-5141,W-17,2026-09-09T08:14:12+00:00,receive,romaine,60,cases,R5141-83,Blue Mesa Farms 3,,"receiving 60 cases of romaine, lot R5141-83, from Blue Mesa Farms 3"
EVT-S0293,PO-5142,W-17,2026-09-08T14:03:35+00:00,receive,avocado,50,cases,A5142-77,Fresh Farms,,"receiving 50 cases of avocado, lot A5142-77, from Fresh Farms"
EVT-S0294,PO-5142,W-17,2026-09-08T14:03:35+00:00,receive,broccoli,20,cases,B5142-50,Fresh Farms,,"receiving 20 cases of broccoli, lot B5142-50, from Fresh Farms"
EVT-S0295,PO-5143,W-18,2026-09-10T11:02:29+00:00,receive,squash,54,cases,S5143-26,Red River Produce 2,,"receiving 54 cases of squash, lot S5143-26, from Red River Produce 2"
EVT-S0296,PO-5143,W-18,2026-09-10T11:02:29+00:00,receive,tomatoes,8,cases,T5143-76,Red River Produce 2,,"receiving 8 cases of tomatoes, lot T5143-76, from Red River Produce 2"
EVT-S0297,PO-5144,W-19,2026-09-07T08:36:10+00:00,receive,herbs,60,cases,H5144-46,CoolChain Farms,,"receiving 60 cases of herbs, lot H5144-46, from CoolChain Farms"
EVT-S0298,PO-5145,W-19,2026-09-11T09:20:12+00:00,receive,celery,60,cases,C5145-21,Pacific Pack 2,,"receiving 60 cases of celery, lot C5145-21, from Pacific Pack 2"
EVT-S0299,PO-5146,W-17,2026-09-09T08:38:37+00:00,receive,celery,36,cases,C5146-13,Valley Mist 6,,"receiving 36 cases of celery, lot C5146-13, from Valley Mist 6"
EVT-S0300,PO-5147,W-18,2026-09-07T15:17:41+00:00,receive,lettuce,48,cases,L5147-89,Sunridge Organics 3,,"receiving 48 cases of lettuce, lot L5147-89, from Sunridge Organics 3"
EVT-S0301,PO-5148,W-18,2026-09-10T11:26:56+00:00,receive,spinach,24,cases,S5148-97,Pacific Pack 2,,"receiving 24 cases of spinach, lot S5148-97, from Pacific Pack 2"
EVT-S0302,PO-5149,W-17,2026-09-08T11:04:04+00:00,receive,iceberg,16,cases,I5149-87,Sierra Packing 2,,"receiving 16 cases of iceberg, lot I5149-87, from Sierra Packing 2"
EVT-S0303,PO-5150,W-18,2026-09-07T14:33:45+00:00,receive,romaine,40,cases,R5150-75,CoolChain Farms,,"receiving 40 cases of romaine, lot R5150-75, from CoolChain Farms"
EVT-S0304,PO-5151,W-18,2026-09-09T09:55:15+00:00,receive,romaine,12,cases,R5151-47,Sunridge Organics,,"receiving 12 cases of romaine, lot R5151-47, from Sunridge Organics"
EVT-S0305,PO-5152,W-17,2026-09-12T14:34:39+00:00,receive,beets,40,cases,B5152-34,High Desert Growers,,"receiving 40 cases of beets, lot B5152-34, from High Desert Growers"
EVT-S0306,PO-5153,W-18,2026-09-10T11:27:32+00:00,receive,romaine,48,cases,R5153-74,Sunridge Organics,,"receiving 48 cases of romaine, lot R5153-74, from Sunridge Organics"
EVT-S0307,PO-5154,W-17,2026-09-09T09:15:13+00:00,receive,iceberg,50,cases,I5154-46,Berry Grove Co 2,,"receiving 50 cases of iceberg, lot I5154-46, from Berry Grove Co 2"
EVT-S0308,PO-5154,W-17,2026-09-09T09:15:13+00:00,receive,blueberries,16,cases,B5154-65,Berry Grove Co 2,,"receiving 16 cases of blueberries, lot B5154-65, from Berry Grove Co 2"
EVT-S0309,PO-5155,W-18,2026-09-07T09:27:46+00:00,receive,avocado,54,cases,A5155-56,Valley Mist,,"receiving 54 cases of avocado, lot A5155-56, from Valley Mist"
EVT-S0310,PO-5155,W-18,2026-09-07T09:30:46+00:00,confirm_discrepancy,avocado,54,cases,A5155-56,Valley Mist,CLQ-RCV-5155-AVO,"yeah that's right, only 54 on the pallet, not 60"
EVT-S0311,PO-5156,W-19,2026-09-09T07:49:24+00:00,receive,oranges,16,cases,O5156-26,Red River Produce,,"receiving 16 cases of oranges, lot O5156-26, from Red River Produce"
EVT-S0312,PO-5157,W-18,2026-09-12T10:33:23+00:00,receive,kale,20,cases,K5157-35,Blue Mesa Farms 3,,"receiving 20 cases of kale, lot K5157-35, from Blue Mesa Farms 3"
EVT-S0313,PO-5158,W-17,2026-09-09T10:37:32+00:00,receive,kale,50,cases,K5158-76,Fresh Farms,,"receiving 50 cases of kale, lot K5158-76, from Fresh Farms"
EVT-S0314,PO-5158,W-17,2026-09-09T10:37:32+00:00,receive,tomatoes,60,cases,T5158-27,Fresh Farms,,"receiving 60 cases of tomatoes, lot T5158-27, from Fresh Farms"
EVT-S0315,PO-5159,W-19,2026-09-08T12:25:20+00:00,receive,spinach,40,cases,S5159-74,Berry Grove Co,,"receiving 40 cases of spinach, lot S5159-74, from Berry Grove Co"
EVT-S0316,PO-5160,W-18,2026-09-11T11:44:31+00:00,receive,romaine,40,cases,R5160-24,Prairie Lot 2,,"receiving 40 cases of romaine, lot R5160-24, from Prairie Lot 2"
EVT-S0317,PO-5161,W-19,2026-09-12T12:10:19+00:00,receive,celery,50,cases,C5161-43,Harbor Greens 3,,"receiving 50 cases of celery, lot C5161-43, from Harbor Greens 3"
EVT-S0318,PO-5162,W-17,2026-09-12T13:52:49+00:00,receive,carrots,20,cases,C5162-77,Prairie Lot,,"receiving 20 cases of carrots, lot C5162-77, from Prairie Lot"
EVT-S0319,PO-5163,W-17,2026-09-10T12:29:49+00:00,receive,strawberries,16,cases,S5163-34,Coastal Crisp 4,,"receiving 16 cases of strawberries, lot S5163-34, from Coastal Crisp 4"
EVT-S0320,PO-5164,W-19,2026-09-07T09:52:26+00:00,receive,iceberg,50,cases,I5164-17,Fresh Farms,,"receiving 50 cases of iceberg, lot I5164-17, from Fresh Farms"
EVT-S0321,PO-5165,W-19,2026-09-10T11:37:13+00:00,receive,kale,20,cases,K5165-68,Harbor Greens,,"receiving 20 cases of kale, lot K5165-68, from Harbor Greens"
EVT-S0322,PO-5166,W-19,2026-09-12T10:07:34+00:00,receive,zucchini,30,cases,Z5166-88,Valley Mist,,"receiving 30 cases of zucchini, lot Z5166-88, from Valley Mist"
EVT-S0323,PO-5167,W-18,2026-09-09T15:22:15+00:00,receive,limes,30,cases,L5167-46,GreenLeaf Produce,,"receiving 30 cases of limes, lot L5167-46, from GreenLeaf Produce"
EVT-S0324,PO-5168,W-18,2026-09-10T13:05:45+00:00,receive,beets,30,cases,B5168-46,North Fork Cold,,"receiving 30 cases of beets, lot B5168-46, from North Fork Cold"
EVT-S0325,PO-5169,W-18,2026-09-07T12:58:34+00:00,receive,herbs,20,cases,H5169-47,Pacific Pack,,"receiving 20 cases of herbs, lot H5169-47, from Pacific Pack"
EVT-S0326,PO-5170,W-18,2026-09-07T15:21:45+00:00,receive,corn,24,cases,C5170-35,Fresh Farms,,"receiving 24 cases of corn, lot C5170-35, from Fresh Farms"
EVT-S0327,PO-5171,W-18,2026-09-11T09:30:59+00:00,receive,celery,24,cases,C5171-41,Harbor Greens,,"receiving 24 cases of celery, lot C5171-41, from Harbor Greens"
EVT-S0328,PO-5171,W-18,2026-09-11T09:30:59+00:00,receive,romaine,60,cases,R5171-38,Harbor Greens,,"receiving 60 cases of romaine, lot R5171-38, from Harbor Greens"
EVT-S0329,PO-5172,W-19,2026-09-10T07:38:06+00:00,receive,peppers,20,cases,P5172-10,High Desert Growers,,"receiving 20 cases of peppers, lot P5172-10, from High Desert Growers"
EVT-S0330,PO-5173,W-19,2026-09-12T15:32:59+00:00,receive,green beans,44,cases,G5173-46,Berry Grove Co,,"receiving 44 cases of green beans, lot G5173-46, from Berry Grove Co"
EVT-S0331,PO-5174,W-17,2026-09-08T12:42:03+00:00,receive,strawberries,12,cases,S5174-32,North Fork Cold 5,,"receiving 12 cases of strawberries, lot S5174-32, from North Fork Cold 5"
EVT-S0332,PO-5175,W-17,2026-09-08T14:20:11+00:00,receive,avocado,50,cases,A5175-33,GreenLeaf Produce 6,,"receiving 50 cases of avocado, lot A5175-33, from GreenLeaf Produce 6"
EVT-S0333,PO-5176,W-17,2026-09-12T15:24:55+00:00,receive,broccoli,16,cases,B5176-52,Prairie Lot 5,,"receiving 16 cases of broccoli, lot B5176-52, from Prairie Lot 5"
EVT-S0334,PO-5176,W-17,2026-09-12T15:24:55+00:00,receive,spinach,60,cases,S5176-77,Prairie Lot 5,,"receiving 60 cases of spinach, lot S5176-77, from Prairie Lot 5"
EVT-S0335,PO-5177,W-18,2026-09-09T15:12:08+00:00,receive,zucchini,40,cases,,North Fork Cold 4,,"receiving 40 cases of zucchini from North Fork Cold 4, slip has no lot code"
EVT-S0336,PO-5178,W-17,2026-09-07T11:06:41+00:00,receive,kale,24,cases,K5178-32,GreenLeaf Produce,,"receiving 24 cases of kale, lot K5178-32, from GreenLeaf Produce"
EVT-S0337,PO-5178,W-17,2026-09-07T11:06:41+00:00,receive,celery,38,cases,C5178-75,GreenLeaf Produce,,"receiving 38 cases of celery, lot C5178-75, from GreenLeaf Produce"
EVT-S0338,PO-5179,W-17,2026-09-08T10:37:42+00:00,receive,beets,12,cases,B5179-43,Fresh Farms,,"receiving 12 cases of beets, lot B5179-43, from Fresh Farms"
EVT-S0339,PO-5180,W-18,2026-09-08T11:00:48+00:00,receive,potatoes,12,cases,P5180-43,GreenLeaf Produce,,"receiving 12 cases of potatoes, lot P5180-43, from GreenLeaf Produce"
EVT-S0340,PO-5181,W-17,2026-09-10T13:06:15+00:00,receive,strawberries,60,cases,S5181-49,Fresh Farms,,"receiving 60 cases of strawberries, lot S5181-49, from Fresh Farms"
EVT-S0341,PO-5182,W-18,2026-09-10T12:39:58+00:00,receive,strawberries,20,cases,S5182-71,Valley Mist 6,,"receiving 20 cases of strawberries, lot S5182-71, from Valley Mist 6"
EVT-S0342,PO-5183,W-19,2026-09-07T13:34:38+00:00,receive,iceberg,52,cases,I5183-37,Valley Mist,,"receiving 52 cases of iceberg, lot I5183-37, from Valley Mist"
EVT-S0343,PO-5184,W-17,2026-09-10T13:00:48+00:00,receive,blueberries,36,cases,B5184-82,GreenLeaf Produce 2,,"receiving 36 cases of blueberries, lot B5184-82, from GreenLeaf Produce 2"
EVT-S0344,PO-5184,W-17,2026-09-10T13:03:48+00:00,confirm_discrepancy,blueberries,36,cases,B5184-82,GreenLeaf Produce 2,CLQ-RCV-5184-BLU,"yeah that's right, only 36 on the pallet, not 40"
EVT-S0345,PO-5185,W-17,2026-09-07T14:16:35+00:00,receive,romaine,40,cases,R5185-76,Coastal Crisp 5,,"receiving 40 cases of romaine, lot R5185-76, from Coastal Crisp 5"
EVT-S0346,PO-5186,W-18,2026-09-09T13:00:13+00:00,receive,blueberries,12,cases,B5186-68,Fresh Farms 3,,"receiving 12 cases of blueberries, lot B5186-68, from Fresh Farms 3"
EVT-S0347,PO-5186,W-18,2026-09-09T13:00:13+00:00,receive,romaine,48,cases,R5186-68,Fresh Farms 3,,"receiving 48 cases of romaine, lot R5186-68, from Fresh Farms 3"
EVT-S0348,PO-5187,W-18,2026-09-09T11:58:29+00:00,receive,avocado,12,cases,A5187-37,North Fork Cold 2,,"receiving 12 cases of avocado, lot A5187-37, from North Fork Cold 2"
EVT-S0349,PO-5188,W-17,2026-09-09T07:35:27+00:00,receive,romaine,16,cases,R5188-70,Valley Mist,,"receiving 16 cases of romaine, lot R5188-70, from Valley Mist"
EVT-S0350,PO-5189,W-19,2026-09-07T10:41:11+00:00,receive,cucumbers,48,cases,C5189-57,Sunridge Organics 3,,"receiving 48 cases of cucumbers, lot C5189-57, from Sunridge Organics 3"
EVT-S0351,PO-5190,W-18,2026-09-12T10:27:28+00:00,receive,peppers,60,cases,P5190-27,Harbor Greens 4,,"receiving 60 cases of peppers, lot P5190-27, from Harbor Greens 4"
EVT-S0352,PO-5191,W-19,2026-09-10T10:10:07+00:00,receive,romaine,24,cases,R5191-10,Berry Grove Co,,"receiving 24 cases of romaine, lot R5191-10, from Berry Grove Co"
EVT-S0353,PO-5192,W-19,2026-09-10T15:32:19+00:00,receive,blueberries,24,cases,B5192-41,Sunridge Organics,,"receiving 24 cases of blueberries, lot B5192-41, from Sunridge Organics"
EVT-S0354,PO-5193,W-19,2026-09-09T08:31:17+00:00,receive,romaine,48,cases,R5193-88,Berry Grove Co,,"receiving 48 cases of romaine, lot R5193-88, from Berry Grove Co"
EVT-S0355,PO-5194,W-17,2026-09-11T14:44:56+00:00,receive,carrots,50,cases,C5194-86,Fresh Farms,,"receiving 50 cases of carrots, lot C5194-86, from Fresh Farms"
EVT-S0356,PO-5194,W-17,2026-09-11T14:44:56+00:00,receive,peppers,12,cases,P5194-41,Fresh Farms,,"receiving 12 cases of peppers, lot P5194-41, from Fresh Farms"
EVT-S0357,PO-5195,W-17,2026-09-10T10:37:28+00:00,receive,lettuce,20,cases,L5195-74,Berry Grove Co,,"receiving 20 cases of lettuce, lot L5195-74, from Berry Grove Co"
EVT-S0358,PO-5196,W-19,2026-09-12T09:11:52+00:00,receive,carrots,40,cases,C5196-40,Sierra Packing 5,,"receiving 40 cases of carrots, lot C5196-40, from Sierra Packing 5"
EVT-S0359,PO-5197,W-18,2026-09-08T08:25:42+00:00,receive,romaine,20,cases,R5197-90,Sierra Packing,,"receiving 20 cases of romaine, lot R5197-90, from Sierra Packing"
EVT-S0360,PO-5198,W-18,2026-09-10T11:56:31+00:00,receive,peppers,60,cases,P5198-50,Fresh Farms,,"receiving 60 cases of peppers, lot P5198-50, from Fresh Farms"
EVT-S0361,PO-5199,W-17,2026-09-10T10:41:09+00:00,receive,iceberg,16,cases,I5199-28,CoolChain Farms,,"receiving 16 cases of iceberg, lot I5199-28, from CoolChain Farms"
EVT-S0362,PO-5200,W-18,2026-09-11T15:00:03+00:00,receive,romaine,24,cases,R5200-42,Harbor Greens,,"receiving 24 cases of romaine, lot R5200-42, from Harbor Greens"
EVT-S0363,PO-5201,W-18,2026-09-07T12:43:05+00:00,receive,potatoes,24,cases,P5201-16,Harbor Greens 5,,"receiving 24 cases of potatoes, lot P5201-16, from Harbor Greens 5"
EVT-S0364,PO-5201,W-18,2026-09-07T12:43:05+00:00,receive,spinach,12,cases,S5201-19,Harbor Greens 5,,"receiving 12 cases of spinach, lot S5201-19, from Harbor Greens 5"
EVT-S0365,PO-5202,W-19,2026-09-07T13:41:37+00:00,receive,strawberries,40,cases,S5202-48,Berry Grove Co 3,,"receiving 40 cases of strawberries, lot S5202-48, from Berry Grove Co 3"
EVT-S0366,PO-5203,W-19,2026-09-12T07:19:13+00:00,receive,oranges,50,cases,O5203-41,CoolChain Farms 6,,"receiving 50 cases of oranges, lot O5203-41, from CoolChain Farms 6"
EVT-S0367,PO-5203,W-19,2026-09-12T07:19:13+00:00,receive,onions,24,cases,O5203-60,CoolChain Farms 6,,"receiving 24 cases of onions, lot O5203-60, from CoolChain Farms 6"
EVT-S0368,PO-5204,W-18,2026-09-12T11:54:20+00:00,receive,cucumbers,22,cases,C5204-56,North Fork Cold 3,,"receiving 22 cases of cucumbers, lot C5204-56, from North Fork Cold 3"
EVT-S0369,PO-5204,W-18,2026-09-12T11:57:20+00:00,confirm_discrepancy,cucumbers,22,cases,C5204-56,North Fork Cold 3,CLQ-RCV-5204-CUC,"yeah that's right, only 22 on the pallet, not 30"
EVT-S0370,PO-5205,W-19,2026-09-09T11:26:29+00:00,receive,squash,24,cases,S5205-57,Fresh Farms,,"receiving 24 cases of squash, lot S5205-57, from Fresh Farms"
EVT-S0371,PO-5206,W-19,2026-09-08T07:35:36+00:00,receive,spinach,48,cases,S5206-47,Blue Mesa Farms 4,,"receiving 48 cases of spinach, lot S5206-47, from Blue Mesa Farms 4"
EVT-S0372,PO-5206,W-19,2026-09-08T07:35:36+00:00,receive,romaine,40,cases,R5206-39,Blue Mesa Farms 4,,"receiving 40 cases of romaine, lot R5206-39, from Blue Mesa Farms 4"
EVT-S0373,PO-5207,W-19,2026-09-08T14:18:15+00:00,receive,kale,50,cases,K5207-92,North Fork Cold,,"receiving 50 cases of kale, lot K5207-92, from North Fork Cold"
EVT-S0374,PO-5208,W-18,2026-09-10T11:07:10+00:00,receive,potatoes,50,cases,P5208-33,GreenLeaf Produce 3,,"receiving 50 cases of potatoes, lot P5208-33, from GreenLeaf Produce 3"
EVT-S0375,PO-5209,W-19,2026-09-12T11:49:41+00:00,receive,mushrooms,8,cases,M5209-62,North Fork Cold 6,,"receiving 8 cases of mushrooms, lot M5209-62, from North Fork Cold 6"
EVT-S0376,PO-5209,W-19,2026-09-12T11:49:41+00:00,receive,romaine,20,cases,R5209-29,North Fork Cold 6,,"receiving 20 cases of romaine, lot R5209-29, from North Fork Cold 6"
EVT-S0377,PO-5210,W-19,2026-09-07T11:30:29+00:00,receive,beets,50,cases,B5210-94,Valley Mist,,"receiving 50 cases of beets, lot B5210-94, from Valley Mist"
EVT-S0378,PO-5211,W-17,2026-09-09T07:15:34+00:00,receive,potatoes,60,cases,P5211-46,Harbor Greens,,"receiving 60 cases of potatoes, lot P5211-46, from Harbor Greens"
EVT-S0379,PO-5211,W-17,2026-09-09T07:15:34+00:00,receive,romaine,48,cases,R5211-32,Harbor Greens,,"receiving 48 cases of romaine, lot R5211-32, from Harbor Greens"
EVT-S0380,PO-5212,W-17,2026-09-07T08:01:33+00:00,receive,spinach,40,cases,S5212-44,Fresh Farms,,"receiving 40 cases of spinach, lot S5212-44, from Fresh Farms"
EVT-S0381,PO-5213,W-18,2026-09-11T07:52:23+00:00,receive,oranges,24,cases,O5213-48,Red River Produce 6,,"receiving 24 cases of oranges, lot O5213-48, from Red River Produce 6"
EVT-S0382,PO-5214,W-19,2026-09-10T14:26:05+00:00,receive,romaine,48,cases,R5214-58,Coastal Crisp 2,,"receiving 48 cases of romaine, lot R5214-58, from Coastal Crisp 2"
EVT-S0383,PO-5215,W-17,2026-09-09T07:40:40+00:00,receive,mushrooms,40,cases,M5215-82,Fresh Farms,,"receiving 40 cases of mushrooms, lot M5215-82, from Fresh Farms"
EVT-S0384,PO-5215,W-17,2026-09-09T07:40:40+00:00,receive,limes,16,cases,L5215-77,Fresh Farms,,"receiving 16 cases of limes, lot L5215-77, from Fresh Farms"
EVT-S0385,PO-5216,W-19,2026-09-12T09:09:13+00:00,receive,iceberg,12,cases,I5216-19,Coastal Crisp 5,,"receiving 12 cases of iceberg, lot I5216-19, from Coastal Crisp 5"
EVT-S0386,PO-5217,W-19,2026-09-10T09:35:57+00:00,receive,beets,40,cases,B5217-12,Blue Mesa Farms,,"receiving 40 cases of beets, lot B5217-12, from Blue Mesa Farms"
EVT-S0387,PO-5217,W-19,2026-09-10T09:35:57+00:00,receive,lemons,20,cases,L5217-60,Blue Mesa Farms,,"receiving 20 cases of lemons, lot L5217-60, from Blue Mesa Farms"
EVT-S0388,PO-5218,W-19,2026-09-12T09:45:10+00:00,receive,avocado,60,cases,A5218-52,Harbor Greens,,"receiving 60 cases of avocado, lot A5218-52, from Harbor Greens"
EVT-S0389,PO-5219,W-19,2026-09-08T13:30:08+00:00,receive,iceberg,40,cases,I5219-16,Sierra Packing 3,,"receiving 40 cases of iceberg, lot I5219-16, from Sierra Packing 3"
EVT-S0390,PO-5220,W-19,2026-09-07T09:10:53+00:00,receive,herbs,48,cases,H5220-51,Fresh Farms,,"receiving 48 cases of herbs, lot H5220-51, from Fresh Farms"
EVT-S0391,PO-5221,W-18,2026-09-07T09:31:50+00:00,receive,broccoli,48,cases,B5221-65,Sunridge Organics 7,,"receiving 48 cases of broccoli, lot B5221-65, from Sunridge Organics 7"
EVT-S0392,PO-5222,W-19,2026-09-07T12:11:42+00:00,receive,strawberries,16,cases,S5222-20,Pacific Pack,,"receiving 16 cases of strawberries, lot S5222-20, from Pacific Pack"
EVT-S0393,PO-5223,W-17,2026-09-08T10:26:45+00:00,receive,spinach,16,cases,S5223-21,Red River Produce 3,,"receiving 16 cases of spinach, lot S5223-21, from Red River Produce 3"
EVT-S0394,PO-5224,W-18,2026-09-07T09:49:28+00:00,receive,romaine,48,cases,R5224-67,Valley Mist,,"receiving 48 cases of romaine, lot R5224-67, from Valley Mist"
EVT-S0395,PO-5224,W-18,2026-09-07T09:49:28+00:00,receive,broccoli,60,cases,B5224-62,Valley Mist,,"receiving 60 cases of broccoli, lot B5224-62, from Valley Mist"
EVT-S0396,PO-5225,W-19,2026-09-07T07:57:22+00:00,receive,kale,48,cases,K5225-11,Harbor Greens,,"receiving 48 cases of kale, lot K5225-11, from Harbor Greens"
EVT-S0397,PO-5226,W-19,2026-09-08T10:30:49+00:00,receive,limes,54,cases,L5226-97,Fresh Farms,,"receiving 54 cases of limes, lot L5226-97, from Fresh Farms"
EVT-S0398,PO-5227,W-18,2026-09-08T08:23:17+00:00,receive,strawberries,30,cases,S5227-63,CoolChain Farms,,"receiving 30 cases of strawberries, lot S5227-63, from CoolChain Farms"
EVT-S0399,PO-5227,W-18,2026-09-08T08:23:17+00:00,receive,spinach,16,cases,S5227-56,CoolChain Farms,,"receiving 16 cases of spinach, lot S5227-56, from CoolChain Farms"
EVT-S0400,PO-5228,W-19,2026-09-08T09:18:46+00:00,receive,tomatoes,20,cases,T5228-48,Valley Mist 2,,"receiving 20 cases of tomatoes, lot T5228-48, from Valley Mist 2"
EVT-S0401,PO-5229,W-18,2026-09-07T10:34:21+00:00,receive,kale,40,cases,K5229-65,Coastal Crisp 4,,"receiving 40 cases of kale, lot K5229-65, from Coastal Crisp 4"
EVT-S0402,PO-5230,W-17,2026-09-11T14:32:41+00:00,receive,carrots,14,cases,C5230-50,Fresh Farms 7,,"receiving 14 cases of carrots, lot C5230-50, from Fresh Farms 7"
EVT-S0403,PO-5232,W-17,2026-09-08T14:10:50+00:00,receive,strawberries,60,cases,S5232-33,Pacific Pack,,"receiving 60 cases of strawberries, lot S5232-33, from Pacific Pack"
EVT-S0404,PO-5233,W-18,2026-09-10T11:53:01+00:00,receive,strawberries,30,cases,S5233-98,Sunridge Organics 6,,"receiving 30 cases of strawberries, lot S5233-98, from Sunridge Organics 6"
EVT-S0405,PO-5234,W-19,2026-09-07T14:26:50+00:00,receive,celery,24,cases,C5234-42,Blue Mesa Farms 3,,"receiving 24 cases of celery, lot C5234-42, from Blue Mesa Farms 3"
EVT-S0406,PO-5235,W-17,2026-09-10T13:18:27+00:00,receive,carrots,38,cases,C5235-79,Sierra Packing 3,,"receiving 38 cases of carrots, lot C5235-79, from Sierra Packing 3"
EVT-S0407,PO-5235,W-17,2026-09-10T13:21:27+00:00,confirm_discrepancy,carrots,38,cases,C5235-79,Sierra Packing 3,CLQ-RCV-5235-CAR,"yeah that's right, only 38 on the pallet, not 48"
EVT-S0408,PO-5236,W-19,2026-09-07T15:27:23+00:00,receive,radish,16,cases,R5236-41,Harbor Greens 2,,"receiving 16 cases of radish, lot R5236-41, from Harbor Greens 2"
EVT-S0409,PO-5237,W-17,2026-09-10T10:13:10+00:00,receive,cucumbers,48,cases,C5237-52,High Desert Growers 2,,"receiving 48 cases of cucumbers, lot C5237-52, from High Desert Growers 2"
EVT-S0410,PO-5238,W-18,2026-09-12T10:52:06+00:00,receive,corn,60,cases,C5238-84,Fresh Farms,,"receiving 60 cases of corn, lot C5238-84, from Fresh Farms"
EVT-S0411,PO-5239,W-18,2026-09-10T09:05:28+00:00,receive,carrots,60,cases,C5239-29,Valley Mist,,"receiving 60 cases of carrots, lot C5239-29, from Valley Mist"
EVT-S0412,PO-5240,W-18,2026-09-08T07:24:30+00:00,receive,romaine,20,cases,R5240-54,Fresh Farms,,"receiving 20 cases of romaine, lot R5240-54, from Fresh Farms"
EVT-S0413,PO-5241,W-18,2026-09-08T11:05:50+00:00,receive,romaine,50,cases,R5241-50,Berry Grove Co,,"receiving 50 cases of romaine, lot R5241-50, from Berry Grove Co"
EVT-S0414,PO-5242,W-17,2026-09-07T07:34:51+00:00,receive,cucumbers,20,cases,C5242-41,Prairie Lot 2,,"receiving 20 cases of cucumbers, lot C5242-41, from Prairie Lot 2"
EVT-S0415,PO-5243,W-18,2026-09-09T11:54:10+00:00,receive,strawberries,48,cases,S5243-90,CoolChain Farms,,"receiving 48 cases of strawberries, lot S5243-90, from CoolChain Farms"
EVT-S0416,PO-5244,W-17,2026-09-07T12:39:42+00:00,receive,green beans,50,cases,,High Desert Growers,,"receiving 50 cases of green beans from High Desert Growers, slip has no lot code"
EVT-S0417,PO-5245,W-17,2026-09-09T10:31:00+00:00,receive,onions,16,cases,O5245-83,Harbor Greens 2,,"receiving 16 cases of onions, lot O5245-83, from Harbor Greens 2"
EVT-S0418,PO-5246,W-18,2026-09-07T14:38:34+00:00,receive,romaine,50,cases,R5246-77,Berry Grove Co,,"receiving 50 cases of romaine, lot R5246-77, from Berry Grove Co"
EVT-S0419,PO-5247,W-18,2026-09-12T09:52:38+00:00,receive,kale,50,cases,K5247-89,Pacific Pack,,"receiving 50 cases of kale, lot K5247-89, from Pacific Pack"
EVT-S0420,PO-5248,W-19,2026-09-07T12:56:45+00:00,receive,peppers,40,cases,P5248-25,Harbor Greens 3,,"receiving 40 cases of peppers, lot P5248-25, from Harbor Greens 3"
EVT-S0421,PO-5249,W-17,2026-09-08T08:11:11+00:00,receive,avocado,20,cases,A5249-83,Valley Mist,,"receiving 20 cases of avocado, lot A5249-83, from Valley Mist"
EVT-S0422,PO-5250,W-19,2026-09-08T08:47:31+00:00,receive,beets,20,cases,B5250-81,Pacific Pack 2,,"receiving 20 cases of beets, lot B5250-81, from Pacific Pack 2"
EVT-S0423,PO-5251,W-18,2026-09-07T09:39:08+00:00,receive,asparagus,12,cases,A5251-72,Berry Grove Co,,"receiving 12 cases of asparagus, lot A5251-72, from Berry Grove Co"
EVT-S0424,PO-5252,W-19,2026-09-07T14:09:24+00:00,receive,avocado,50,cases,A5252-66,Blue Mesa Farms 6,,"receiving 50 cases of avocado, lot A5252-66, from Blue Mesa Farms 6"
EVT-S0425,PO-5253,W-17,2026-09-09T07:54:36+00:00,receive,spinach,60,cases,S5253-46,Fresh Farms,,"receiving 60 cases of spinach, lot S5253-46, from Fresh Farms"
EVT-S0426,PO-5254,W-18,2026-09-07T11:06:36+00:00,receive,romaine,16,cases,R5254-44,CoolChain Farms 3,,"receiving 16 cases of romaine, lot R5254-44, from CoolChain Farms 3"
EVT-S0427,PO-5255,W-17,2026-09-11T14:13:23+00:00,receive,tomatoes,24,cases,T5255-64,Blue Mesa Farms,,"receiving 24 cases of tomatoes, lot T5255-64, from Blue Mesa Farms"
EVT-S0428,PO-5256,W-18,2026-09-07T14:16:41+00:00,receive,romaine,30,cases,R5256-54,Pacific Pack 3,,"receiving 30 cases of romaine, lot R5256-54, from Pacific Pack 3"
EVT-S0429,PO-5257,W-17,2026-09-11T07:56:28+00:00,receive,strawberries,30,cases,S5257-31,Blue Mesa Farms 4,,"receiving 30 cases of strawberries, lot S5257-31, from Blue Mesa Farms 4"
EVT-S0430,PO-5258,W-17,2026-09-10T13:53:13+00:00,receive,blueberries,60,cases,B5258-31,Berry Grove Co 4,,"receiving 60 cases of blueberries, lot B5258-31, from Berry Grove Co 4"
EVT-S0431,PO-5259,W-18,2026-09-08T13:12:18+00:00,receive,blueberries,16,cases,B5259-62,GreenLeaf Produce,,"receiving 16 cases of blueberries, lot B5259-62, from GreenLeaf Produce"
EVT-S0432,PO-5260,W-17,2026-09-12T15:40:17+00:00,receive,romaine,20,cases,R5260-51,Harbor Greens 4,,"receiving 20 cases of romaine, lot R5260-51, from Harbor Greens 4"
EVT-S0433,PO-5261,W-18,2026-09-11T13:41:53+00:00,receive,celery,48,cases,C5261-58,Red River Produce 2,,"receiving 48 cases of celery, lot C5261-58, from Red River Produce 2"
EVT-S0434,PO-5261,W-18,2026-09-11T13:41:53+00:00,receive,tomatoes,16,cases,T5261-61,Red River Produce 2,,"receiving 16 cases of tomatoes, lot T5261-61, from Red River Produce 2"
EVT-S0435,PO-5262,W-18,2026-09-09T09:34:44+00:00,receive,iceberg,12,cases,I5262-21,GreenLeaf Produce 6,,"receiving 12 cases of iceberg, lot I5262-21, from GreenLeaf Produce 6"
EVT-S0436,PO-5263,W-18,2026-09-10T11:06:40+00:00,receive,cabbage,42,cases,C5263-64,Sunridge Organics 2,,"receiving 42 cases of cabbage, lot C5263-64, from Sunridge Organics 2"
EVT-S0437,PO-5263,W-18,2026-09-10T11:09:40+00:00,confirm_discrepancy,cabbage,42,cases,C5263-64,Sunridge Organics 2,CLQ-RCV-5263-CAB,"yeah that's right, only 42 on the pallet, not 48"
EVT-S0438,PO-5264,W-18,2026-09-11T11:25:17+00:00,receive,broccoli,50,cases,B5264-53,CoolChain Farms,,"receiving 50 cases of broccoli, lot B5264-53, from CoolChain Farms"
EVT-S0439,PO-5265,W-19,2026-09-11T13:42:03+00:00,receive,tomatoes,16,cases,T5265-30,Fresh Farms,,"receiving 16 cases of tomatoes, lot T5265-30, from Fresh Farms"
EVT-S0440,PO-5266,W-19,2026-09-09T07:12:27+00:00,receive,green beans,30,cases,G5266-30,Berry Grove Co,,"receiving 30 cases of green beans, lot G5266-30, from Berry Grove Co"
EVT-S0441,PO-5267,W-18,2026-09-11T14:40:17+00:00,receive,kale,20,cases,K5267-16,Fresh Farms,,"receiving 20 cases of kale, lot K5267-16, from Fresh Farms"
EVT-S0442,PO-5268,W-17,2026-09-08T09:48:46+00:00,receive,romaine,16,cases,R5268-10,Blue Mesa Farms 2,,"receiving 16 cases of romaine, lot R5268-10, from Blue Mesa Farms 2"
EVT-S0443,PO-5269,W-19,2026-09-07T07:51:08+00:00,receive,romaine,36,cases,R5269-64,GreenLeaf Produce 2,,"receiving 36 cases of romaine, lot R5269-64, from GreenLeaf Produce 2"
EVT-S0444,PO-5270,W-17,2026-09-10T11:16:04+00:00,receive,romaine,40,cases,R5270-57,Berry Grove Co,,"receiving 40 cases of romaine, lot R5270-57, from Berry Grove Co"
EVT-S0445,PO-5271,W-17,2026-09-11T08:22:24+00:00,receive,peppers,8,cases,P5271-82,Sunridge Organics 3,,"receiving 8 cases of peppers, lot P5271-82, from Sunridge Organics 3"
EVT-S0446,PO-5272,W-19,2026-09-07T12:44:10+00:00,receive,corn,48,cases,C5272-88,Coastal Crisp,,"receiving 48 cases of corn, lot C5272-88, from Coastal Crisp"
EVT-S0447,PO-5273,W-17,2026-09-10T14:32:13+00:00,receive,romaine,40,cases,R5273-64,Fresh Farms,,"receiving 40 cases of romaine, lot R5273-64, from Fresh Farms"
EVT-S0448,PO-5273,W-17,2026-09-10T14:35:13+00:00,confirm_discrepancy,romaine,40,cases,R5273-64,Fresh Farms,CLQ-RCV-5273-ROM,"yeah that's right, only 40 on the pallet, not 48"
EVT-S0449,PO-5273,W-17,2026-09-10T14:32:13+00:00,receive,spinach,14,cases,S5273-45,Fresh Farms,,"receiving 14 cases of spinach, lot S5273-45, from Fresh Farms"
EVT-S0450,PO-5273,W-17,2026-09-10T14:35:13+00:00,confirm_discrepancy,spinach,14,cases,S5273-45,Fresh Farms,CLQ-RCV-5273-SPI,"yeah that's right, only 14 on the pallet, not 20"
EVT-S0451,PO-5274,W-19,2026-09-10T09:19:35+00:00,receive,lettuce,12,cases,L5274-94,GreenLeaf Produce 2,,"receiving 12 cases of lettuce, lot L5274-94, from GreenLeaf Produce 2"
EVT-S0452,PO-5275,W-17,2026-09-11T08:57:33+00:00,receive,spinach,12,cases,S5275-40,CoolChain Farms 2,,"receiving 12 cases of spinach, lot S5275-40, from CoolChain Farms 2"
EVT-S0453,PO-5276,W-19,2026-09-09T08:09:15+00:00,receive,green beans,12,cases,G5276-56,North Fork Cold,,"receiving 12 cases of green beans, lot G5276-56, from North Fork Cold"
EVT-S0454,PO-5276,W-19,2026-09-09T08:09:15+00:00,receive,beets,20,cases,B5276-59,North Fork Cold,,"receiving 20 cases of beets, lot B5276-59, from North Fork Cold"
EVT-S0455,PO-5277,W-19,2026-09-11T12:03:26+00:00,receive,iceberg,16,cases,I5277-12,Valley Mist,,"receiving 16 cases of iceberg, lot I5277-12, from Valley Mist"
EVT-S0456,PO-5278,W-17,2026-09-09T07:19:16+00:00,receive,avocado,30,cases,A5278-90,Berry Grove Co,,"receiving 30 cases of avocado, lot A5278-90, from Berry Grove Co"
EVT-S0457,PO-5279,W-18,2026-09-10T13:44:26+00:00,receive,blueberries,20,cases,B5279-45,High Desert Growers,,"receiving 20 cases of blueberries, lot B5279-45, from High Desert Growers"
EVT-S0458,PO-5279,W-18,2026-09-10T13:44:26+00:00,receive,romaine,16,cases,R5279-75,High Desert Growers,,"receiving 16 cases of romaine, lot R5279-75, from High Desert Growers"
EVT-S0459,PO-5280,W-18,2026-09-12T15:30:51+00:00,receive,celery,16,cases,C5280-49,Fresh Farms,,"receiving 16 cases of celery, lot C5280-49, from Fresh Farms"
EVT-S0460,PO-5281,W-17,2026-09-10T13:25:54+00:00,receive,tomatoes,50,cases,T5281-88,Berry Grove Co,,"receiving 50 cases of tomatoes, lot T5281-88, from Berry Grove Co"
EVT-S0461,PO-5281,W-17,2026-09-10T13:25:54+00:00,receive,carrots,30,cases,C5281-95,Berry Grove Co,,"receiving 30 cases of carrots, lot C5281-95, from Berry Grove Co"
EVT-S0462,PO-5282,W-19,2026-09-10T13:31:11+00:00,receive,romaine,44,cases,R5282-76,Fresh Farms,,"receiving 44 cases of romaine, lot R5282-76, from Fresh Farms"
EVT-S0463,PO-5282,W-19,2026-09-10T13:31:11+00:00,receive,blueberries,26,cases,B5282-57,Fresh Farms,,"receiving 26 cases of blueberries, lot B5282-57, from Fresh Farms"
EVT-S0464,PO-5283,W-17,2026-09-07T13:51:55+00:00,receive,romaine,48,cases,R5283-44,GreenLeaf Produce,,"receiving 48 cases of romaine, lot R5283-44, from GreenLeaf Produce"
EVT-S0465,PO-5284,W-19,2026-09-09T09:26:45+00:00,receive,tomatoes,40,cases,T5284-17,Berry Grove Co 7,,"receiving 40 cases of tomatoes, lot T5284-17, from Berry Grove Co 7"
EVT-S0466,PO-5284,W-19,2026-09-09T09:26:45+00:00,receive,iceberg,20,cases,I5284-57,Berry Grove Co 7,,"receiving 20 cases of iceberg, lot I5284-57, from Berry Grove Co 7"
EVT-S0467,PO-5285,W-19,2026-09-07T13:47:06+00:00,receive,strawberries,56,cases,S5285-15,Pacific Pack 5,,"receiving 56 cases of strawberries, lot S5285-15, from Pacific Pack 5"
EVT-S0468,PO-5285,W-19,2026-09-07T13:50:06+00:00,confirm_discrepancy,strawberries,56,cases,S5285-15,Pacific Pack 5,CLQ-RCV-5285-STR,"yeah that's right, only 56 on the pallet, not 60"
EVT-S0469,PO-5286,W-18,2026-09-11T07:18:15+00:00,receive,romaine,12,cases,R5286-80,Fresh Farms,,"receiving 12 cases of romaine, lot R5286-80, from Fresh Farms"
EVT-S0470,PO-5287,W-17,2026-09-11T13:17:47+00:00,receive,avocado,40,cases,A5287-44,Coastal Crisp 2,,"receiving 40 cases of avocado, lot A5287-44, from Coastal Crisp 2"
EVT-S0471,PO-5288,W-19,2026-09-11T12:04:23+00:00,receive,strawberries,60,cases,S5288-15,Fresh Farms,,"receiving 60 cases of strawberries, lot S5288-15, from Fresh Farms"
EVT-S0472,PO-5289,W-18,2026-09-12T07:47:56+00:00,receive,spinach,16,cases,S5289-80,Sunridge Organics,,"receiving 16 cases of spinach, lot S5289-80, from Sunridge Organics"
EVT-S0473,PO-5290,W-18,2026-09-09T10:20:12+00:00,receive,strawberries,40,cases,S5290-85,GreenLeaf Produce,,"receiving 40 cases of strawberries, lot S5290-85, from GreenLeaf Produce"
EVT-S0474,PO-5291,W-19,2026-09-12T15:42:49+00:00,receive,lettuce,18,cases,L5291-10,North Fork Cold 3,,"receiving 18 cases of lettuce, lot L5291-10, from North Fork Cold 3"
EVT-S0475,PO-5291,W-19,2026-09-12T15:45:49+00:00,confirm_discrepancy,lettuce,18,cases,L5291-10,North Fork Cold 3,CLQ-RCV-5291-LET,"yeah that's right, only 18 on the pallet, not 24"
EVT-S0476,PO-5292,W-19,2026-09-12T07:24:14+00:00,receive,green beans,40,cases,G5292-10,Blue Mesa Farms,,"receiving 40 cases of green beans, lot G5292-10, from Blue Mesa Farms"
EVT-S0477,PO-5293,W-18,2026-09-10T10:24:54+00:00,receive,blueberries,24,cases,B5293-63,CoolChain Farms 3,,"receiving 24 cases of blueberries, lot B5293-63, from CoolChain Farms 3"
EVT-S0478,PO-5293,W-18,2026-09-10T10:24:54+00:00,receive,iceberg,12,cases,I5293-28,CoolChain Farms 3,,"receiving 12 cases of iceberg, lot I5293-28, from CoolChain Farms 3"
EVT-S0479,PO-5294,W-19,2026-09-10T07:59:02+00:00,receive,cauliflower,46,cases,C5294-84,Harbor Greens 5,,"receiving 46 cases of cauliflower, lot C5294-84, from Harbor Greens 5"
EVT-S0480,PO-5294,W-19,2026-09-10T08:02:02+00:00,confirm_discrepancy,cauliflower,46,cases,C5294-84,Harbor Greens 5,CLQ-RCV-5294-CAU,"yeah that's right, only 46 on the pallet, not 50"
EVT-S0481,PO-5295,W-17,2026-09-07T08:20:40+00:00,receive,romaine,20,cases,R5295-40,GreenLeaf Produce 4,,"receiving 20 cases of romaine, lot R5295-40, from GreenLeaf Produce 4"
EVT-S0482,PO-5296,W-18,2026-09-08T14:27:20+00:00,receive,potatoes,40,cases,P5296-67,Prairie Lot 5,,"receiving 40 cases of potatoes, lot P5296-67, from Prairie Lot 5"
EVT-S0483,PO-5297,W-19,2026-09-08T07:50:12+00:00,receive,romaine,50,cases,R5297-69,Fresh Farms,,"receiving 50 cases of romaine, lot R5297-69, from Fresh Farms"
EVT-S0484,PO-5297,W-19,2026-09-08T07:50:12+00:00,receive,spinach,16,cases,S5297-78,Fresh Farms,,"receiving 16 cases of spinach, lot S5297-78, from Fresh Farms"
EVT-S0485,PO-5298,W-18,2026-09-08T13:46:13+00:00,receive,romaine,20,cases,R5298-97,Coastal Crisp,,"receiving 20 cases of romaine, lot R5298-97, from Coastal Crisp"
EVT-S0486,PO-5299,W-17,2026-09-08T13:12:44+00:00,receive,kale,16,cases,K5299-41,GreenLeaf Produce 2,,"receiving 16 cases of kale, lot K5299-41, from GreenLeaf Produce 2"
EVT-S0487,PO-5300,W-18,2026-09-12T10:34:32+00:00,receive,oranges,12,cases,O5300-61,Fresh Farms,,"receiving 12 cases of oranges, lot O5300-61, from Fresh Farms"
EVT-S0488,PO-5301,W-17,2026-09-11T11:56:47+00:00,receive,zucchini,20,cases,Z5301-25,Blue Mesa Farms,,"receiving 20 cases of zucchini, lot Z5301-25, from Blue Mesa Farms"
EVT-S0489,PO-5302,W-17,2026-09-07T14:17:49+00:00,receive,avocado,16,cases,A5302-84,Valley Mist 7,,"receiving 16 cases of avocado, lot A5302-84, from Valley Mist 7"
EVT-S0490,PO-5303,W-17,2026-09-09T15:01:52+00:00,receive,cucumbers,20,cases,C5303-21,Fresh Farms,,"receiving 20 cases of cucumbers, lot C5303-21, from Fresh Farms"
EVT-S0491,PO-5304,W-17,2026-09-11T14:16:51+00:00,receive,romaine,48,cases,R5304-60,CoolChain Farms,,"receiving 48 cases of romaine, lot R5304-60, from CoolChain Farms"
EVT-S0492,PO-5305,W-18,2026-09-09T10:27:43+00:00,receive,strawberries,30,cases,S5305-67,High Desert Growers,,"receiving 30 cases of strawberries, lot S5305-67, from High Desert Growers"
EVT-S0493,PO-5306,W-17,2026-09-11T07:29:39+00:00,receive,iceberg,60,cases,I5306-71,Valley Mist 2,,"receiving 60 cases of iceberg, lot I5306-71, from Valley Mist 2"
EVT-S0494,PO-5307,W-17,2026-09-07T09:35:24+00:00,receive,cabbage,20,cases,C5307-58,Fresh Farms,,"receiving 20 cases of cabbage, lot C5307-58, from Fresh Farms"
EVT-S0495,PO-5309,W-17,2026-09-08T07:25:20+00:00,receive,lettuce,12,cases,L5309-70,GreenLeaf Produce 2,,"receiving 12 cases of lettuce, lot L5309-70, from GreenLeaf Produce 2"
EVT-S0496,PO-5310,W-17,2026-09-09T13:44:37+00:00,receive,cucumbers,30,cases,C5310-78,Red River Produce 7,,"receiving 30 cases of cucumbers, lot C5310-78, from Red River Produce 7"
EVT-S0497,PO-5310,W-17,2026-09-09T13:44:37+00:00,receive,zucchini,12,cases,Z5310-38,Red River Produce 7,,"receiving 12 cases of zucchini, lot Z5310-38, from Red River Produce 7"
EVT-S0498,PO-5311,W-17,2026-09-09T15:35:51+00:00,receive,carrots,40,cases,C5311-85,Pacific Pack,,"receiving 40 cases of carrots, lot C5311-85, from Pacific Pack"
EVT-S0499,PO-5312,W-19,2026-09-07T13:10:22+00:00,receive,herbs,50,cases,H5312-79,High Desert Growers 6,,"receiving 50 cases of herbs, lot H5312-79, from High Desert Growers 6"
EVT-S0500,PO-5312,W-19,2026-09-07T13:10:22+00:00,receive,spinach,50,cases,S5312-14,High Desert Growers 6,,"receiving 50 cases of spinach, lot S5312-14, from High Desert Growers 6"
EVT-S0501,PO-5313,W-19,2026-09-07T09:11:38+00:00,receive,kale,24,cases,K5313-26,Berry Grove Co,,"receiving 24 cases of kale, lot K5313-26, from Berry Grove Co"
EVT-S0502,PO-5314,W-18,2026-09-08T08:42:58+00:00,receive,romaine,20,cases,R5314-24,Prairie Lot 3,,"receiving 20 cases of romaine, lot R5314-24, from Prairie Lot 3"
EVT-S0503,PO-5314,W-18,2026-09-08T08:42:58+00:00,receive,mushrooms,40,cases,M5314-19,Prairie Lot 3,,"receiving 40 cases of mushrooms, lot M5314-19, from Prairie Lot 3"
EVT-S0504,PO-5315,W-17,2026-09-08T15:14:42+00:00,receive,kale,10,cases,K5315-91,Pacific Pack,,"receiving 10 cases of kale, lot K5315-91, from Pacific Pack"
EVT-S0505,PO-5315,W-17,2026-09-08T15:17:42+00:00,confirm_discrepancy,kale,10,cases,K5315-91,Pacific Pack,CLQ-RCV-5315-KAL,"yeah that's right, only 10 on the pallet, not 20"
EVT-S0506,PO-5316,W-19,2026-09-12T12:44:20+00:00,receive,beets,40,cases,B5316-38,Berry Grove Co,,"receiving 40 cases of beets, lot B5316-38, from Berry Grove Co"
EVT-S0507,PO-5317,W-19,2026-09-10T14:09:11+00:00,receive,romaine,12,cases,R5317-99,Pacific Pack,,"receiving 12 cases of romaine, lot R5317-99, from Pacific Pack"
EVT-S0508,PO-5318,W-19,2026-09-12T10:32:54+00:00,receive,carrots,20,cases,C5318-73,Sunridge Organics 7,,"receiving 20 cases of carrots, lot C5318-73, from Sunridge Organics 7"
EVT-S0509,PO-5318,W-19,2026-09-12T10:32:54+00:00,receive,romaine,10,cases,R5318-54,Sunridge Organics 7,,"receiving 10 cases of romaine, lot R5318-54, from Sunridge Organics 7"
EVT-S0510,PO-5319,W-17,2026-09-12T08:37:40+00:00,receive,peppers,40,cases,P5319-67,GreenLeaf Produce 5,,"receiving 40 cases of peppers, lot P5319-67, from GreenLeaf Produce 5"
EVT-S0511,PO-5320,W-18,2026-09-07T08:59:15+00:00,receive,romaine,8,cases,R5320-59,Blue Mesa Farms 2,,"receiving 8 cases of romaine, lot R5320-59, from Blue Mesa Farms 2"
EVT-S0512,PO-5320,W-18,2026-09-07T09:02:15+00:00,confirm_discrepancy,romaine,8,cases,R5320-59,Blue Mesa Farms 2,CLQ-RCV-5320-ROM,"yeah that's right, only 8 on the pallet, not 12"
EVT-S0513,PO-5321,W-18,2026-09-09T10:46:10+00:00,receive,kale,48,cases,K5321-22,GreenLeaf Produce 5,,"receiving 48 cases of kale, lot K5321-22, from GreenLeaf Produce 5"
EVT-S0514,PO-5322,W-19,2026-09-11T13:55:55+00:00,receive,tomatoes,12,cases,T5322-47,Prairie Lot,,"receiving 12 cases of tomatoes, lot T5322-47, from Prairie Lot"
EVT-S0515,PO-5323,W-17,2026-09-07T09:25:06+00:00,receive,strawberries,12,cases,S5323-53,Fresh Farms,,"receiving 12 cases of strawberries, lot S5323-53, from Fresh Farms"
EVT-S0516,PO-5324,W-17,2026-09-09T12:26:57+00:00,receive,cucumbers,48,cases,C5324-30,North Fork Cold,,"receiving 48 cases of cucumbers, lot C5324-30, from North Fork Cold"
EVT-S0517,PO-5325,W-18,2026-09-07T10:01:13+00:00,receive,potatoes,60,cases,P5325-43,Berry Grove Co 7,,"receiving 60 cases of potatoes, lot P5325-43, from Berry Grove Co 7"
EVT-S0518,PO-5326,W-18,2026-09-10T09:44:15+00:00,receive,mushrooms,20,cases,M5326-16,Fresh Farms,,"receiving 20 cases of mushrooms, lot M5326-16, from Fresh Farms"
EVT-S0519,PO-5327,W-19,2026-09-08T10:50:05+00:00,receive,iceberg,16,cases,I5327-13,GreenLeaf Produce,,"receiving 16 cases of iceberg, lot I5327-13, from GreenLeaf Produce"
EVT-S0520,PO-5328,W-18,2026-09-07T12:38:18+00:00,receive,spinach,48,cases,S5328-70,GreenLeaf Produce 7,,"receiving 48 cases of spinach, lot S5328-70, from GreenLeaf Produce 7"
EVT-S0521,PO-5329,W-19,2026-09-09T12:50:16+00:00,receive,kale,40,cases,K5329-33,Fresh Farms,,"receiving 40 cases of kale, lot K5329-33, from Fresh Farms"
EVT-S0522,PO-5330,W-17,2026-09-09T09:26:28+00:00,receive,broccoli,28,cases,B5330-95,Sunridge Organics,,"receiving 28 cases of broccoli, lot B5330-95, from Sunridge Organics"
EVT-S0523,PO-5330,W-17,2026-09-09T09:29:28+00:00,confirm_discrepancy,broccoli,28,cases,B5330-95,Sunridge Organics,CLQ-RCV-5330-BRO,"yeah that's right, 28 on the pallet, PO only called for 20"
EVT-S0524,PO-5331,W-18,2026-09-07T12:54:22+00:00,receive,carrots,60,cases,C5331-17,Fresh Farms 4,,"receiving 60 cases of carrots, lot C5331-17, from Fresh Farms 4"
EVT-S0525,PO-5332,W-19,2026-09-11T14:11:33+00:00,receive,beets,24,cases,B5332-70,High Desert Growers,,"receiving 24 cases of beets, lot B5332-70, from High Desert Growers"
EVT-S0526,PO-5333,W-17,2026-09-08T10:34:57+00:00,receive,cauliflower,20,cases,C5333-25,Red River Produce 4,,"receiving 20 cases of cauliflower, lot C5333-25, from Red River Produce 4"
EVT-S0527,PO-5334,W-17,2026-09-12T11:01:11+00:00,receive,zucchini,16,cases,Z5334-64,Coastal Crisp 6,,"receiving 16 cases of zucchini, lot Z5334-64, from Coastal Crisp 6"
EVT-S0528,PO-5335,W-19,2026-09-07T13:01:27+00:00,receive,carrots,40,cases,C5335-18,Berry Grove Co,,"receiving 40 cases of carrots, lot C5335-18, from Berry Grove Co"
EVT-S0529,PO-5335,W-19,2026-09-07T13:01:27+00:00,receive,romaine,60,cases,R5335-60,Berry Grove Co,,"receiving 60 cases of romaine, lot R5335-60, from Berry Grove Co"
EVT-S0530,PO-5336,W-17,2026-09-09T14:30:17+00:00,receive,celery,60,cases,C5336-63,Sierra Packing,,"receiving 60 cases of celery, lot C5336-63, from Sierra Packing"
EVT-S0531,PO-5337,W-19,2026-09-07T08:28:09+00:00,receive,beets,16,cases,B5337-82,Prairie Lot,,"receiving 16 cases of beets, lot B5337-82, from Prairie Lot"
EVT-S0532,PO-5338,W-18,2026-09-11T13:54:18+00:00,receive,spinach,50,cases,S5338-83,Harbor Greens 4,,"receiving 50 cases of spinach, lot S5338-83, from Harbor Greens 4"
EVT-S0533,PO-5339,W-17,2026-09-09T07:31:11+00:00,receive,peppers,48,cases,P5339-14,GreenLeaf Produce,,"receiving 48 cases of peppers, lot P5339-14, from GreenLeaf Produce"
EVT-S0534,PO-5340,W-17,2026-09-08T14:42:21+00:00,receive,radish,40,cases,R5340-12,Sierra Packing 2,,"receiving 40 cases of radish, lot R5340-12, from Sierra Packing 2"
EVT-S0535,PO-5341,W-18,2026-09-08T13:58:19+00:00,receive,peppers,24,cases,P5341-27,CoolChain Farms,,"receiving 24 cases of peppers, lot P5341-27, from CoolChain Farms"
EVT-S0536,PO-5342,W-18,2026-09-08T13:32:28+00:00,receive,avocado,16,cases,A5342-34,Sunridge Organics 3,,"receiving 16 cases of avocado, lot A5342-34, from Sunridge Organics 3"
EVT-S0537,PO-5343,W-18,2026-09-09T14:59:52+00:00,receive,asparagus,12,cases,A5343-75,Pacific Pack,,"receiving 12 cases of asparagus, lot A5343-75, from Pacific Pack"
EVT-S0538,PO-5344,W-18,2026-09-11T07:45:19+00:00,receive,mushrooms,12,cases,M5344-32,Prairie Lot 2,,"receiving 12 cases of mushrooms, lot M5344-32, from Prairie Lot 2"
EVT-S0539,PO-5344,W-18,2026-09-11T07:45:19+00:00,receive,strawberries,24,cases,S5344-17,Prairie Lot 2,,"receiving 24 cases of strawberries, lot S5344-17, from Prairie Lot 2"
EVT-S0540,PO-5345,W-19,2026-09-08T11:05:03+00:00,receive,kale,50,cases,K5345-74,Blue Mesa Farms 5,,"receiving 50 cases of kale, lot K5345-74, from Blue Mesa Farms 5"
EVT-S0541,PO-5346,W-17,2026-09-08T15:04:07+00:00,receive,carrots,20,cases,C5346-70,Red River Produce 2,,"receiving 20 cases of carrots, lot C5346-70, from Red River Produce 2"
EVT-S0542,PO-5347,W-18,2026-09-09T10:11:22+00:00,receive,peppers,30,cases,P5347-13,Berry Grove Co,,"receiving 30 cases of peppers, lot P5347-13, from Berry Grove Co"
EVT-S0543,PO-5348,W-17,2026-09-08T08:35:54+00:00,receive,cucumbers,24,cases,C5348-44,Prairie Lot,,"receiving 24 cases of cucumbers, lot C5348-44, from Prairie Lot"
EVT-S0544,PO-5350,W-19,2026-09-09T15:14:19+00:00,receive,avocado,48,cases,A5350-54,Prairie Lot 2,,"receiving 48 cases of avocado, lot A5350-54, from Prairie Lot 2"
EVT-S0545,PO-5351,W-19,2026-09-09T09:03:29+00:00,receive,avocado,16,cases,A5351-10,CoolChain Farms,,"receiving 16 cases of avocado, lot A5351-10, from CoolChain Farms"
EVT-S0546,PO-5352,W-19,2026-09-09T12:51:53+00:00,receive,carrots,30,cases,C5352-97,High Desert Growers 4,,"receiving 30 cases of carrots, lot C5352-97, from High Desert Growers 4"
EVT-S0547,PO-5353,W-19,2026-09-07T07:44:21+00:00,receive,spinach,30,cases,S5353-34,High Desert Growers 7,,"receiving 30 cases of spinach, lot S5353-34, from High Desert Growers 7"
EVT-S0548,PO-5354,W-19,2026-09-07T13:43:15+00:00,receive,kale,20,cases,K5354-13,High Desert Growers 5,,"receiving 20 cases of kale, lot K5354-13, from High Desert Growers 5"
EVT-S0549,PO-5355,W-18,2026-09-10T15:42:18+00:00,receive,potatoes,24,cases,P5355-53,GreenLeaf Produce,,"receiving 24 cases of potatoes, lot P5355-53, from GreenLeaf Produce"
EVT-S0550,PO-5356,W-18,2026-09-10T09:05:43+00:00,receive,peppers,60,cases,P5356-48,Sierra Packing,,"receiving 60 cases of peppers, lot P5356-48, from Sierra Packing"
EVT-S0551,PO-5358,W-19,2026-09-10T08:45:43+00:00,receive,kale,30,cases,K5358-63,High Desert Growers 5,,"receiving 30 cases of kale, lot K5358-63, from High Desert Growers 5"
EVT-S0552,PO-5358,W-19,2026-09-10T08:45:43+00:00,receive,cabbage,40,cases,C5358-57,High Desert Growers 5,,"receiving 40 cases of cabbage, lot C5358-57, from High Desert Growers 5"
EVT-S0553,PO-5359,W-18,2026-09-08T09:42:29+00:00,receive,celery,16,cases,C5359-70,North Fork Cold 4,,"receiving 16 cases of celery, lot C5359-70, from North Fork Cold 4"
EVT-S0554,PO-5359,W-18,2026-09-08T09:42:29+00:00,receive,green beans,60,cases,G5359-25,North Fork Cold 4,,"receiving 60 cases of green beans, lot G5359-25, from North Fork Cold 4"
EVT-S0555,PO-5360,W-17,2026-09-11T10:27:33+00:00,receive,romaine,24,cases,R5360-53,CoolChain Farms,,"receiving 24 cases of romaine, lot R5360-53, from CoolChain Farms"
EVT-S0556,PO-5361,W-18,2026-09-08T12:03:57+00:00,receive,asparagus,16,cases,A5361-72,Sunridge Organics 5,,"receiving 16 cases of asparagus, lot A5361-72, from Sunridge Organics 5"
EVT-S0557,PO-5361,W-18,2026-09-08T12:03:57+00:00,receive,kale,14,cases,K5361-91,Sunridge Organics 5,,"receiving 14 cases of kale, lot K5361-91, from Sunridge Organics 5"
EVT-S0558,PO-5362,W-17,2026-09-07T11:03:17+00:00,receive,strawberries,16,cases,S5362-26,Berry Grove Co,,"receiving 16 cases of strawberries, lot S5362-26, from Berry Grove Co"
EVT-S0559,PO-5363,W-18,2026-09-10T12:36:27+00:00,receive,romaine,24,cases,R5363-57,Pacific Pack,,"receiving 24 cases of romaine, lot R5363-57, from Pacific Pack"
EVT-S0560,PO-5364,W-19,2026-09-12T14:48:20+00:00,receive,peppers,28,cases,P5364-98,High Desert Growers 3,,"receiving 28 cases of peppers, lot P5364-98, from High Desert Growers 3"
EVT-S0561,PO-5364,W-19,2026-09-12T14:51:20+00:00,confirm_discrepancy,peppers,28,cases,P5364-98,High Desert Growers 3,CLQ-RCV-5364-PEP,"yeah that's right, 28 on the pallet, PO only called for 24"
EVT-S0562,PO-5365,W-19,2026-09-11T09:51:08+00:00,receive,strawberries,12,cases,S5365-48,Fresh Farms,,"receiving 12 cases of strawberries, lot S5365-48, from Fresh Farms"
EVT-S0563,PO-5366,W-19,2026-09-12T11:05:46+00:00,receive,green beans,20,cases,G5366-53,Sierra Packing,,"receiving 20 cases of green beans, lot G5366-53, from Sierra Packing"
EVT-S0564,PO-5367,W-17,2026-09-12T11:22:22+00:00,receive,radish,48,cases,R5367-12,Pacific Pack 3,,"receiving 48 cases of radish, lot R5367-12, from Pacific Pack 3"
EVT-S0565,PO-5368,W-17,2026-09-08T13:24:08+00:00,receive,strawberries,48,cases,S5368-93,Berry Grove Co,,"receiving 48 cases of strawberries, lot S5368-93, from Berry Grove Co"
EVT-S0566,PO-5368,W-17,2026-09-08T13:27:08+00:00,confirm_discrepancy,strawberries,48,cases,S5368-93,Berry Grove Co,CLQ-RCV-5368-STR,"yeah that's right, 48 on the pallet, PO only called for 40"
EVT-S0567,PO-5369,W-19,2026-09-11T10:24:56+00:00,receive,carrots,12,cases,C5369-94,High Desert Growers 2,,"receiving 12 cases of carrots, lot C5369-94, from High Desert Growers 2"
EVT-S0568,PO-5370,W-17,2026-09-07T14:20:01+00:00,receive,avocado,52,cases,A5370-70,Fresh Farms,,"receiving 52 cases of avocado, lot A5370-70, from Fresh Farms"
EVT-S0569,PO-5371,W-17,2026-09-10T08:57:44+00:00,receive,cucumbers,60,cases,C5371-44,Sierra Packing 2,,"receiving 60 cases of cucumbers, lot C5371-44, from Sierra Packing 2"
EVT-S0570,PO-5372,W-17,2026-09-10T13:10:08+00:00,receive,celery,30,cases,C5372-24,High Desert Growers,,"receiving 30 cases of celery, lot C5372-24, from High Desert Growers"
EVT-S0571,PO-5373,W-18,2026-09-11T11:26:12+00:00,receive,limes,40,cases,L5373-62,CoolChain Farms 2,,"receiving 40 cases of limes, lot L5373-62, from CoolChain Farms 2"
EVT-S0572,PO-5374,W-17,2026-09-08T07:32:35+00:00,receive,iceberg,24,cases,I5374-10,North Fork Cold,,"receiving 24 cases of iceberg, lot I5374-10, from North Fork Cold"
EVT-S0573,PO-5375,W-19,2026-09-07T07:57:58+00:00,receive,romaine,16,cases,R5375-75,Fresh Farms,,"receiving 16 cases of romaine, lot R5375-75, from Fresh Farms"
EVT-S0574,PO-5376,W-19,2026-09-07T13:22:06+00:00,receive,oranges,30,cases,O5376-43,Sunridge Organics 5,,"receiving 30 cases of oranges, lot O5376-43, from Sunridge Organics 5"
EVT-S0575,PO-5377,W-17,2026-09-09T08:03:52+00:00,receive,kale,40,cases,K5377-64,Berry Grove Co,,"receiving 40 cases of kale, lot K5377-64, from Berry Grove Co"
EVT-S0576,PO-5378,W-17,2026-09-10T08:00:54+00:00,receive,romaine,12,cases,R5378-55,High Desert Growers 3,,"receiving 12 cases of romaine, lot R5378-55, from High Desert Growers 3"
EVT-S0577,PO-5378,W-17,2026-09-10T08:00:54+00:00,receive,cauliflower,26,cases,C5378-57,High Desert Growers 3,,"receiving 26 cases of cauliflower, lot C5378-57, from High Desert Growers 3"
EVT-S0578,PO-5379,W-18,2026-09-11T08:45:07+00:00,receive,avocado,40,cases,A5379-93,Pacific Pack,,"receiving 40 cases of avocado, lot A5379-93, from Pacific Pack"
EVT-S0579,PO-5380,W-19,2026-09-11T08:37:07+00:00,receive,herbs,20,cases,H5380-23,Fresh Farms,,"receiving 20 cases of herbs, lot H5380-23, from Fresh Farms"
EVT-S0580,PO-5380,W-19,2026-09-11T08:37:07+00:00,receive,avocado,50,cases,A5380-82,Fresh Farms,,"receiving 50 cases of avocado, lot A5380-82, from Fresh Farms"
EVT-S0581,PO-5381,W-18,2026-09-10T08:44:39+00:00,receive,asparagus,20,cases,A5381-71,Pacific Pack,,"receiving 20 cases of asparagus, lot A5381-71, from Pacific Pack"
EVT-S0582,PO-5382,W-17,2026-09-12T08:09:56+00:00,receive,cucumbers,12,cases,C5382-96,High Desert Growers,,"receiving 12 cases of cucumbers, lot C5382-96, from High Desert Growers"
EVT-S0583,PO-5382,W-17,2026-09-12T08:09:56+00:00,receive,blueberries,24,cases,B5382-95,High Desert Growers,,"receiving 24 cases of blueberries, lot B5382-95, from High Desert Growers"
EVT-S0584,PO-5383,W-19,2026-09-11T11:37:33+00:00,receive,cucumbers,24,cases,C5383-71,Sierra Packing 2,,"receiving 24 cases of cucumbers, lot C5383-71, from Sierra Packing 2"
EVT-S0585,PO-5383,W-19,2026-09-11T11:37:33+00:00,receive,kale,48,cases,K5383-29,Sierra Packing 2,,"receiving 48 cases of kale, lot K5383-29, from Sierra Packing 2"
EVT-S0586,PO-5384,W-17,2026-09-11T11:57:57+00:00,receive,beets,60,cases,B5384-70,High Desert Growers 7,,"receiving 60 cases of beets, lot B5384-70, from High Desert Growers 7"
EVT-S0587,PO-5384,W-17,2026-09-11T11:57:57+00:00,receive,mushrooms,20,cases,M5384-19,High Desert Growers 7,,"receiving 20 cases of mushrooms, lot M5384-19, from High Desert Growers 7"
EVT-S0588,PO-5385,W-18,2026-09-10T09:56:15+00:00,receive,strawberries,48,cases,S5385-40,CoolChain Farms,,"receiving 48 cases of strawberries, lot S5385-40, from CoolChain Farms"
EVT-S0589,PO-5385,W-18,2026-09-10T09:56:15+00:00,receive,romaine,50,cases,R5385-83,CoolChain Farms,,"receiving 50 cases of romaine, lot R5385-83, from CoolChain Farms"
EVT-S0590,PO-5386,W-17,2026-09-09T14:30:31+00:00,receive,corn,16,cases,C5386-61,Coastal Crisp,,"receiving 16 cases of corn, lot C5386-61, from Coastal Crisp"
EVT-S0591,PO-5386,W-17,2026-09-09T14:33:31+00:00,confirm_discrepancy,corn,16,cases,C5386-61,Coastal Crisp,CLQ-RCV-5386-COR,"yeah that's right, 16 on the pallet, PO only called for 12"
EVT-S0592,PO-5387,W-17,2026-09-08T11:57:35+00:00,receive,lemons,30,cases,L5387-75,Fresh Farms,,"receiving 30 cases of lemons, lot L5387-75, from Fresh Farms"
EVT-S0593,PO-5388,W-18,2026-09-09T12:47:42+00:00,receive,romaine,30,cases,R5388-52,Coastal Crisp,,"receiving 30 cases of romaine, lot R5388-52, from Coastal Crisp"
EVT-S0594,PO-5388,W-18,2026-09-09T12:50:42+00:00,confirm_discrepancy,romaine,30,cases,R5388-52,Coastal Crisp,CLQ-RCV-5388-ROM,"yeah that's right, 30 on the pallet, PO only called for 24"
EVT-S0595,PO-5389,W-19,2026-09-09T12:29:38+00:00,receive,tomatoes,16,cases,,Sunridge Organics,,"receiving 16 cases of tomatoes from Sunridge Organics, slip has no lot code"
EVT-S0596,PO-5390,W-19,2026-09-10T09:05:00+00:00,receive,spinach,60,cases,S5390-57,CoolChain Farms,,"receiving 60 cases of spinach, lot S5390-57, from CoolChain Farms"
EVT-S0597,PO-5392,W-18,2026-09-08T08:52:12+00:00,receive,squash,24,cases,S5392-53,Fresh Farms,,"receiving 24 cases of squash, lot S5392-53, from Fresh Farms"
EVT-S0598,PO-5393,W-19,2026-09-07T10:44:02+00:00,receive,lettuce,50,cases,L5393-68,Prairie Lot 5,,"receiving 50 cases of lettuce, lot L5393-68, from Prairie Lot 5"
EVT-S0599,PO-5394,W-18,2026-09-10T15:21:32+00:00,receive,potatoes,60,cases,P5394-65,Fresh Farms,,"receiving 60 cases of potatoes, lot P5394-65, from Fresh Farms"
EVT-S0600,PO-5394,W-18,2026-09-10T15:21:32+00:00,receive,squash,50,cases,S5394-75,Fresh Farms,,"receiving 50 cases of squash, lot S5394-75, from Fresh Farms"
EVT-S0601,PO-5395,W-17,2026-09-11T14:58:11+00:00,receive,romaine,48,cases,R5395-94,Sierra Packing 2,,"receiving 48 cases of romaine, lot R5395-94, from Sierra Packing 2"
EVT-S0602,PO-5396,W-18,2026-09-09T14:43:20+00:00,receive,carrots,24,cases,C5396-45,Red River Produce,,"receiving 24 cases of carrots, lot C5396-45, from Red River Produce"
EVT-S0603,PO-5397,W-17,2026-09-08T10:07:18+00:00,receive,carrots,60,cases,C5397-48,Coastal Crisp,,"receiving 60 cases of carrots, lot C5397-48, from Coastal Crisp"
EVT-S0604,PO-5397,W-17,2026-09-08T10:07:18+00:00,receive,mushrooms,60,cases,M5397-50,Coastal Crisp,,"receiving 60 cases of mushrooms, lot M5397-50, from Coastal Crisp"
EVT-S0605,PO-5398,W-17,2026-09-10T15:10:35+00:00,receive,onions,40,cases,O5398-96,Pacific Pack 2,,"receiving 40 cases of onions, lot O5398-96, from Pacific Pack 2"
EVT-S0606,PO-5399,W-17,2026-09-07T13:15:41+00:00,receive,onions,40,cases,O5399-24,Berry Grove Co 7,,"receiving 40 cases of onions, lot O5399-24, from Berry Grove Co 7"
EVT-S0607,PO-5400,W-19,2026-09-10T11:59:30+00:00,receive,peppers,60,cases,P5400-46,Berry Grove Co 2,,"receiving 60 cases of peppers, lot P5400-46, from Berry Grove Co 2"
EVT-S0608,PO-5401,W-17,2026-09-11T10:48:51+00:00,receive,romaine,12,cases,R5401-35,Fresh Farms,,"receiving 12 cases of romaine, lot R5401-35, from Fresh Farms"
EVT-S0609,PO-5401,W-17,2026-09-11T10:48:51+00:00,receive,spinach,20,cases,S5401-46,Fresh Farms,,"receiving 20 cases of spinach, lot S5401-46, from Fresh Farms"
EVT-S0610,PO-5402,W-18,2026-09-10T08:26:53+00:00,receive,blueberries,40,cases,B5402-67,Fresh Farms,,"receiving 40 cases of blueberries, lot B5402-67, from Fresh Farms"
EVT-S0611,PO-5403,W-17,2026-09-07T14:36:43+00:00,receive,broccoli,24,cases,B5403-75,CoolChain Farms 3,,"receiving 24 cases of broccoli, lot B5403-75, from CoolChain Farms 3"
EVT-S0612,PO-5404,W-19,2026-09-11T14:00:44+00:00,receive,avocado,48,cases,A5404-97,GreenLeaf Produce,,"receiving 48 cases of avocado, lot A5404-97, from GreenLeaf Produce"
EVT-S0613,PO-5404,W-19,2026-09-11T14:00:44+00:00,receive,spinach,60,cases,S5404-11,GreenLeaf Produce,,"receiving 60 cases of spinach, lot S5404-11, from GreenLeaf Produce"
EVT-S0614,PO-5405,W-18,2026-09-10T08:55:39+00:00,receive,radish,40,cases,R5405-85,Harbor Greens 4,,"receiving 40 cases of radish, lot R5405-85, from Harbor Greens 4"
EVT-S0615,PO-5406,W-17,2026-09-09T12:20:12+00:00,receive,strawberries,16,cases,S5406-33,North Fork Cold 3,,"receiving 16 cases of strawberries, lot S5406-33, from North Fork Cold 3"
EVT-S0616,PO-5407,W-17,2026-09-12T13:28:32+00:00,receive,broccoli,20,cases,B5407-30,Fresh Farms,,"receiving 20 cases of broccoli, lot B5407-30, from Fresh Farms"
EVT-S0617,PO-5408,W-19,2026-09-09T09:22:00+00:00,receive,romaine,40,cases,R5408-86,CoolChain Farms,,"receiving 40 cases of romaine, lot R5408-86, from CoolChain Farms"
EVT-S0618,PO-5409,W-19,2026-09-07T15:09:40+00:00,receive,cabbage,54,cases,C5409-19,CoolChain Farms 2,,"receiving 54 cases of cabbage, lot C5409-19, from CoolChain Farms 2"
EVT-S0619,PO-5410,W-17,2026-09-11T09:54:33+00:00,receive,cabbage,10,cases,C5410-79,Berry Grove Co,,"receiving 10 cases of cabbage, lot C5410-79, from Berry Grove Co"
EVT-S0620,PO-5410,W-17,2026-09-11T09:57:33+00:00,confirm_discrepancy,cabbage,10,cases,C5410-79,Berry Grove Co,CLQ-RCV-5410-CAB,"yeah that's right, only 10 on the pallet, not 20"
EVT-S0621,PO-5411,W-17,2026-09-09T07:59:22+00:00,receive,kale,30,cases,K5411-37,Berry Grove Co,,"receiving 30 cases of kale, lot K5411-37, from Berry Grove Co"
EVT-S0622,PO-5412,W-19,2026-09-12T12:28:33+00:00,receive,limes,12,cases,L5412-24,Sunridge Organics,,"receiving 12 cases of limes, lot L5412-24, from Sunridge Organics"
EVT-S0623,PO-5413,W-19,2026-09-10T11:00:15+00:00,receive,strawberries,12,cases,S5413-97,Sunridge Organics 5,,"receiving 12 cases of strawberries, lot S5413-97, from Sunridge Organics 5"
EVT-S0624,PO-5414,W-17,2026-09-11T10:27:58+00:00,receive,blueberries,30,cases,B5414-13,Blue Mesa Farms 3,,"receiving 30 cases of blueberries, lot B5414-13, from Blue Mesa Farms 3"
EVT-S0625,PO-5415,W-19,2026-09-12T14:12:49+00:00,receive,romaine,24,cases,R5415-51,Valley Mist,,"receiving 24 cases of romaine, lot R5415-51, from Valley Mist"
EVT-S0626,PO-5416,W-19,2026-09-09T15:17:06+00:00,receive,celery,24,cases,C5416-95,Berry Grove Co,,"receiving 24 cases of celery, lot C5416-95, from Berry Grove Co"
EVT-S0627,PO-5417,W-17,2026-09-10T09:01:55+00:00,receive,squash,48,cases,S5417-92,Sierra Packing 2,,"receiving 48 cases of squash, lot S5417-92, from Sierra Packing 2"
EVT-S0628,PO-5418,W-17,2026-09-11T07:48:47+00:00,receive,kale,12,cases,K5418-16,Sierra Packing 2,,"receiving 12 cases of kale, lot K5418-16, from Sierra Packing 2"
EVT-S0629,PO-5419,W-17,2026-09-07T09:20:35+00:00,receive,avocado,50,cases,A5419-90,Fresh Farms,,"receiving 50 cases of avocado, lot A5419-90, from Fresh Farms"
EVT-S0630,PO-5420,W-17,2026-09-08T09:53:01+00:00,receive,cucumbers,12,cases,C5420-99,Pacific Pack,,"receiving 12 cases of cucumbers, lot C5420-99, from Pacific Pack"
EVT-S0631,PO-5420,W-17,2026-09-08T09:56:01+00:00,confirm_discrepancy,cucumbers,12,cases,C5420-99,Pacific Pack,CLQ-RCV-5420-CUC,"yeah that's right, only 12 on the pallet, not 16"
EVT-S0632,PO-5421,W-18,2026-09-11T10:15:59+00:00,receive,spinach,16,cases,S5421-46,Red River Produce,,"receiving 16 cases of spinach, lot S5421-46, from Red River Produce"
EVT-S0633,PO-5422,W-19,2026-09-10T10:56:24+00:00,receive,strawberries,24,cases,,Pacific Pack,,"receiving 24 cases of strawberries from Pacific Pack, slip has no lot code"
EVT-S0634,PO-5422,W-19,2026-09-10T10:56:24+00:00,receive,romaine,48,cases,,Pacific Pack,,"receiving 48 cases of romaine from Pacific Pack, slip has no lot code"
EVT-S0635,PO-5423,W-19,2026-09-11T14:26:34+00:00,receive,peppers,40,cases,P5423-11,GreenLeaf Produce,,"receiving 40 cases of peppers, lot P5423-11, from GreenLeaf Produce"
EVT-S0636,PO-5423,W-19,2026-09-11T14:26:34+00:00,receive,broccoli,60,cases,B5423-28,GreenLeaf Produce,,"receiving 60 cases of broccoli, lot B5423-28, from GreenLeaf Produce"
EVT-S0637,PO-5424,W-19,2026-09-07T07:14:36+00:00,receive,romaine,24,cases,R5424-54,GreenLeaf Produce 2,,"receiving 24 cases of romaine, lot R5424-54, from GreenLeaf Produce 2"
EVT-S0638,PO-5425,W-17,2026-09-07T14:55:41+00:00,receive,strawberries,24,cases,S5425-24,North Fork Cold 4,,"receiving 24 cases of strawberries, lot S5425-24, from North Fork Cold 4"
EVT-S0639,PO-5426,W-19,2026-09-07T14:01:36+00:00,receive,broccoli,30,cases,B5426-95,North Fork Cold 4,,"receiving 30 cases of broccoli, lot B5426-95, from North Fork Cold 4"
EVT-S0640,PO-5427,W-18,2026-09-07T08:02:12+00:00,receive,kale,24,cases,K5427-22,Berry Grove Co 3,,"receiving 24 cases of kale, lot K5427-22, from Berry Grove Co 3"
EVT-S0641,PO-5428,W-18,2026-09-08T07:47:57+00:00,receive,celery,30,cases,C5428-98,Berry Grove Co,,"receiving 30 cases of celery, lot C5428-98, from Berry Grove Co"
EVT-S0642,PO-5429,W-18,2026-09-09T12:01:36+00:00,receive,strawberries,40,cases,S5429-41,Valley Mist,,"receiving 40 cases of strawberries, lot S5429-41, from Valley Mist"
EVT-S0643,PO-5430,W-18,2026-09-11T13:16:47+00:00,receive,romaine,40,cases,R5430-71,High Desert Growers 2,,"receiving 40 cases of romaine, lot R5430-71, from High Desert Growers 2"
EVT-S0644,PO-5431,W-19,2026-09-09T10:15:49+00:00,receive,cucumbers,16,cases,C5431-45,CoolChain Farms,,"receiving 16 cases of cucumbers, lot C5431-45, from CoolChain Farms"
EVT-S0645,PO-5431,W-19,2026-09-09T10:15:49+00:00,receive,asparagus,20,cases,A5431-78,CoolChain Farms,,"receiving 20 cases of asparagus, lot A5431-78, from CoolChain Farms"
EVT-S0646,PO-5432,W-19,2026-09-07T13:27:56+00:00,receive,romaine,60,cases,R5432-90,Valley Mist 2,,"receiving 60 cases of romaine, lot R5432-90, from Valley Mist 2"
EVT-S0647,PO-5432,W-19,2026-09-07T13:27:56+00:00,receive,carrots,48,cases,C5432-85,Valley Mist 2,,"receiving 48 cases of carrots, lot C5432-85, from Valley Mist 2"
EVT-S0648,PO-5433,W-19,2026-09-07T07:30:35+00:00,receive,lettuce,40,cases,L5433-60,GreenLeaf Produce,,"receiving 40 cases of lettuce, lot L5433-60, from GreenLeaf Produce"
EVT-S0649,PO-5434,W-18,2026-09-08T13:47:37+00:00,receive,iceberg,6,cases,I5434-56,GreenLeaf Produce 3,,"receiving 6 cases of iceberg, lot I5434-56, from GreenLeaf Produce 3"
EVT-S0650,PO-5434,W-18,2026-09-08T13:47:37+00:00,receive,cucumbers,14,cases,C5434-67,GreenLeaf Produce 3,,"receiving 14 cases of cucumbers, lot C5434-67, from GreenLeaf Produce 3"
EVT-S0651,PO-5435,W-17,2026-09-07T12:01:36+00:00,receive,iceberg,40,cases,I5435-15,Sunridge Organics 2,,"receiving 40 cases of iceberg, lot I5435-15, from Sunridge Organics 2"
EVT-S0652,PO-5436,W-18,2026-09-08T11:21:14+00:00,receive,peppers,52,cases,P5436-59,Fresh Farms,,"receiving 52 cases of peppers, lot P5436-59, from Fresh Farms"
EVT-S0653,PO-5436,W-18,2026-09-08T11:24:14+00:00,confirm_discrepancy,peppers,52,cases,P5436-59,Fresh Farms,CLQ-RCV-5436-PEP,"yeah that's right, only 52 on the pallet, not 60"
EVT-S0654,PO-5437,W-19,2026-09-09T11:04:56+00:00,receive,onions,60,cases,O5437-91,Fresh Farms,,"receiving 60 cases of onions, lot O5437-91, from Fresh Farms"
EVT-S0655,PO-5438,W-19,2026-09-11T14:19:47+00:00,receive,kale,48,cases,K5438-56,GreenLeaf Produce,,"receiving 48 cases of kale, lot K5438-56, from GreenLeaf Produce"
EVT-S0656,PO-5439,W-18,2026-09-09T14:51:53+00:00,receive,cauliflower,60,cases,C5439-61,Fresh Farms,,"receiving 60 cases of cauliflower, lot C5439-61, from Fresh Farms"
EVT-S0657,PO-5440,W-18,2026-09-08T14:36:22+00:00,receive,romaine,20,cases,R5440-66,North Fork Cold,,"receiving 20 cases of romaine, lot R5440-66, from North Fork Cold"
EVT-S0658,PO-5441,W-17,2026-09-07T07:51:32+00:00,receive,strawberries,16,cases,S5441-94,High Desert Growers 2,,"receiving 16 cases of strawberries, lot S5441-94, from High Desert Growers 2"
EVT-S0659,PO-5442,W-18,2026-09-08T14:07:21+00:00,receive,iceberg,20,cases,I5442-92,Fresh Farms 3,,"receiving 20 cases of iceberg, lot I5442-92, from Fresh Farms 3"
EVT-S0660,PO-5443,W-19,2026-09-11T07:23:15+00:00,receive,romaine,60,cases,R5443-15,Fresh Farms,,"receiving 60 cases of romaine, lot R5443-15, from Fresh Farms"
EVT-S0661,PO-5444,W-17,2026-09-11T08:27:03+00:00,receive,avocado,12,cases,A5444-94,Berry Grove Co,,"receiving 12 cases of avocado, lot A5444-94, from Berry Grove Co"
EVT-S0662,PO-5445,W-19,2026-09-11T15:16:05+00:00,receive,asparagus,20,cases,A5445-38,Berry Grove Co,,"receiving 20 cases of asparagus, lot A5445-38, from Berry Grove Co"
EVT-S0663,PO-5446,W-17,2026-09-11T12:19:09+00:00,receive,blueberries,20,cases,B5446-97,Blue Mesa Farms 3,,"receiving 20 cases of blueberries, lot B5446-97, from Blue Mesa Farms 3"
EVT-S0664,PO-5447,W-17,2026-09-08T11:04:38+00:00,receive,romaine,12,cases,R5447-35,Berry Grove Co 2,,"receiving 12 cases of romaine, lot R5447-35, from Berry Grove Co 2"
EVT-S0665,PO-5448,W-17,2026-09-09T14:57:32+00:00,receive,strawberries,12,cases,S5448-78,Sierra Packing 2,,"receiving 12 cases of strawberries, lot S5448-78, from Sierra Packing 2"
EVT-S0666,PO-5449,W-17,2026-09-09T08:12:05+00:00,receive,blueberries,12,cases,B5449-96,North Fork Cold,,"receiving 12 cases of blueberries, lot B5449-96, from North Fork Cold"
EVT-S0667,PO-5450,W-17,2026-09-10T11:39:26+00:00,receive,tomatoes,50,cases,T5450-58,Valley Mist,,"receiving 50 cases of tomatoes, lot T5450-58, from Valley Mist"
EVT-S0668,PO-5451,W-19,2026-09-08T14:03:47+00:00,receive,avocado,30,cases,A5451-71,North Fork Cold 5,,"receiving 30 cases of avocado, lot A5451-71, from North Fork Cold 5"
EVT-S0669,PO-5452,W-19,2026-09-11T14:57:54+00:00,receive,avocado,24,cases,A5452-10,Fresh Farms,,"receiving 24 cases of avocado, lot A5452-10, from Fresh Farms"
EVT-S0670,PO-5453,W-17,2026-09-10T13:56:00+00:00,receive,kale,24,cases,K5453-98,Prairie Lot,,"receiving 24 cases of kale, lot K5453-98, from Prairie Lot"
EVT-S0671,PO-5454,W-18,2026-09-11T10:41:23+00:00,receive,spinach,50,cases,S5454-82,Fresh Farms,,"receiving 50 cases of spinach, lot S5454-82, from Fresh Farms"
EVT-S0672,PO-5455,W-17,2026-09-08T09:33:43+00:00,receive,cabbage,50,cases,C5455-32,Pacific Pack,,"receiving 50 cases of cabbage, lot C5455-32, from Pacific Pack"
EVT-S0673,PO-5456,W-18,2026-09-08T11:56:30+00:00,receive,lettuce,48,cases,L5456-27,GreenLeaf Produce,,"receiving 48 cases of lettuce, lot L5456-27, from GreenLeaf Produce"
EVT-S0674,PO-5457,W-18,2026-09-11T12:49:07+00:00,receive,herbs,10,cases,H5457-75,Valley Mist 3,,"receiving 10 cases of herbs, lot H5457-75, from Valley Mist 3"
EVT-S0675,PO-5458,W-19,2026-09-08T10:05:51+00:00,receive,romaine,48,cases,R5458-91,Blue Mesa Farms,,"receiving 48 cases of romaine, lot R5458-91, from Blue Mesa Farms"
EVT-S0676,PO-5459,W-19,2026-09-07T07:58:52+00:00,receive,romaine,30,cases,R5459-20,Fresh Farms,,"receiving 30 cases of romaine, lot R5459-20, from Fresh Farms"
EVT-S0677,PO-5459,W-19,2026-09-07T08:01:52+00:00,confirm_discrepancy,romaine,30,cases,R5459-20,Fresh Farms,CLQ-RCV-5459-ROM,"yeah that's right, 30 on the pallet, PO only called for 24"
EVT-S0678,PO-5460,W-18,2026-09-09T13:22:24+00:00,receive,blueberries,12,cases,B5460-32,Berry Grove Co 6,,"receiving 12 cases of blueberries, lot B5460-32, from Berry Grove Co 6"
EVT-S0679,PO-5461,W-19,2026-09-10T10:56:00+00:00,receive,blueberries,24,cases,B5461-14,Berry Grove Co,,"receiving 24 cases of blueberries, lot B5461-14, from Berry Grove Co"
EVT-S0680,PO-5462,W-19,2026-09-11T11:33:33+00:00,receive,romaine,24,cases,R5462-93,Blue Mesa Farms 2,,"receiving 24 cases of romaine, lot R5462-93, from Blue Mesa Farms 2"
EVT-S0681,PO-5463,W-18,2026-09-07T08:32:05+00:00,receive,avocado,24,cases,A5463-76,North Fork Cold 7,,"receiving 24 cases of avocado, lot A5463-76, from North Fork Cold 7"
EVT-S0682,PO-5464,W-19,2026-09-07T13:12:04+00:00,receive,squash,40,cases,S5464-54,Blue Mesa Farms 5,,"receiving 40 cases of squash, lot S5464-54, from Blue Mesa Farms 5"
EVT-S0683,PO-5465,W-17,2026-09-12T09:33:14+00:00,receive,avocado,4,cases,A5465-32,CoolChain Farms 2,,"receiving 4 cases of avocado, lot A5465-32, from CoolChain Farms 2"
EVT-S0684,PO-5466,W-18,2026-09-08T08:06:35+00:00,receive,romaine,60,cases,R5466-42,Fresh Farms,,"receiving 60 cases of romaine, lot R5466-42, from Fresh Farms"
EVT-S0685,PO-5467,W-19,2026-09-11T14:08:50+00:00,receive,kale,50,cases,K5467-41,Prairie Lot,,"receiving 50 cases of kale, lot K5467-41, from Prairie Lot"
EVT-S0686,PO-5468,W-18,2026-09-10T15:24:49+00:00,receive,asparagus,50,cases,A5468-24,Coastal Crisp,,"receiving 50 cases of asparagus, lot A5468-24, from Coastal Crisp"
EVT-S0687,PO-5469,W-17,2026-09-08T10:27:40+00:00,receive,strawberries,40,cases,S5469-62,Sierra Packing 3,,"receiving 40 cases of strawberries, lot S5469-62, from Sierra Packing 3"
EVT-S0688,PO-5470,W-18,2026-09-12T11:36:34+00:00,receive,romaine,40,cases,R5470-19,Fresh Farms,,"receiving 40 cases of romaine, lot R5470-19, from Fresh Farms"
EVT-S0689,PO-5471,W-17,2026-09-09T08:43:30+00:00,receive,spinach,14,cases,S5471-35,CoolChain Farms,,"receiving 14 cases of spinach, lot S5471-35, from CoolChain Farms"
EVT-S0690,PO-5471,W-17,2026-09-09T08:46:30+00:00,confirm_discrepancy,spinach,14,cases,S5471-35,CoolChain Farms,CLQ-RCV-5471-SPI,"yeah that's right, only 14 on the pallet, not 24"
EVT-S0691,PO-5472,W-17,2026-09-08T09:15:55+00:00,receive,spinach,40,cases,S5472-29,GreenLeaf Produce,,"receiving 40 cases of spinach, lot S5472-29, from GreenLeaf Produce"
EVT-S0692,PO-5473,W-19,2026-09-11T08:13:58+00:00,receive,romaine,60,cases,R5473-15,Fresh Farms,,"receiving 60 cases of romaine, lot R5473-15, from Fresh Farms"
EVT-S0693,PO-5474,W-19,2026-09-11T10:22:39+00:00,receive,iceberg,60,cases,I5474-45,CoolChain Farms,,"receiving 60 cases of iceberg, lot I5474-45, from CoolChain Farms"
EVT-S0694,PO-5475,W-19,2026-09-08T13:36:36+00:00,receive,iceberg,60,cases,I5475-14,Fresh Farms,,"receiving 60 cases of iceberg, lot I5475-14, from Fresh Farms"
EVT-S0695,PO-5476,W-17,2026-09-09T10:33:55+00:00,receive,romaine,60,cases,R5476-68,Sierra Packing 2,,"receiving 60 cases of romaine, lot R5476-68, from Sierra Packing 2"
EVT-S0696,PO-5477,W-18,2026-09-08T07:16:00+00:00,receive,kale,30,cases,K5477-33,North Fork Cold 2,,"receiving 30 cases of kale, lot K5477-33, from North Fork Cold 2"
EVT-S0697,PO-5478,W-19,2026-09-09T09:13:17+00:00,receive,strawberries,48,cases,S5478-36,Sunridge Organics,,"receiving 48 cases of strawberries, lot S5478-36, from Sunridge Organics"
EVT-S0698,PO-5479,W-18,2026-09-08T13:37:23+00:00,receive,strawberries,20,cases,S5479-83,Valley Mist,,"receiving 20 cases of strawberries, lot S5479-83, from Valley Mist"
EVT-S0699,PO-5480,W-17,2026-09-10T14:08:06+00:00,receive,mushrooms,24,cases,M5480-28,Fresh Farms 3,,"receiving 24 cases of mushrooms, lot M5480-28, from Fresh Farms 3"
EVT-S0700,PO-5481,W-17,2026-09-11T13:30:09+00:00,receive,iceberg,60,cases,I5481-78,Sunridge Organics,,"receiving 60 cases of iceberg, lot I5481-78, from Sunridge Organics"
EVT-S0701,PO-5482,W-19,2026-09-10T13:54:31+00:00,receive,romaine,10,cases,R5482-17,CoolChain Farms,,"receiving 10 cases of romaine, lot R5482-17, from CoolChain Farms"
EVT-S0702,PO-5483,W-17,2026-09-07T09:22:30+00:00,receive,kale,40,cases,K5483-56,High Desert Growers 4,,"receiving 40 cases of kale, lot K5483-56, from High Desert Growers 4"
EVT-S0703,PO-5484,W-17,2026-09-09T15:09:51+00:00,receive,kale,24,cases,K5484-83,GreenLeaf Produce,,"receiving 24 cases of kale, lot K5484-83, from GreenLeaf Produce"
EVT-S0704,PO-5485,W-18,2026-09-09T12:44:34+00:00,receive,peppers,50,cases,P5485-67,Berry Grove Co,,"receiving 50 cases of peppers, lot P5485-67, from Berry Grove Co"
EVT-S0705,PO-5486,W-19,2026-09-11T10:27:39+00:00,receive,asparagus,40,cases,A5486-63,GreenLeaf Produce,,"receiving 40 cases of asparagus, lot A5486-63, from GreenLeaf Produce"
EVT-S0706,PO-5487,W-17,2026-09-10T12:04:25+00:00,receive,kale,40,cases,K5487-50,Sunridge Organics 4,,"receiving 40 cases of kale, lot K5487-50, from Sunridge Organics 4"
EVT-S0707,PO-5487,W-17,2026-09-10T12:04:25+00:00,receive,cucumbers,30,cases,C5487-87,Sunridge Organics 4,,"receiving 30 cases of cucumbers, lot C5487-87, from Sunridge Organics 4"
EVT-S0708,PO-5488,W-18,2026-09-10T09:30:56+00:00,receive,blueberries,50,cases,B5488-62,Coastal Crisp,,"receiving 50 cases of blueberries, lot B5488-62, from Coastal Crisp"
EVT-S0709,PO-5489,W-17,2026-09-07T14:29:01+00:00,receive,beets,16,cases,B5489-36,Fresh Farms,,"receiving 16 cases of beets, lot B5489-36, from Fresh Farms"
EVT-S0710,PO-5490,W-18,2026-09-07T08:04:06+00:00,receive,romaine,48,cases,R5490-77,Fresh Farms,,"receiving 48 cases of romaine, lot R5490-77, from Fresh Farms"
EVT-S0711,PO-5491,W-17,2026-09-10T07:54:06+00:00,receive,beets,48,cases,B5491-49,GreenLeaf Produce,,"receiving 48 cases of beets, lot B5491-49, from GreenLeaf Produce"
EVT-S0712,PO-5491,W-17,2026-09-10T07:54:06+00:00,receive,strawberries,30,cases,S5491-66,GreenLeaf Produce,,"receiving 30 cases of strawberries, lot S5491-66, from GreenLeaf Produce"
EVT-S0713,PO-5492,W-17,2026-09-10T08:19:33+00:00,receive,kale,40,cases,K5492-70,High Desert Growers 4,,"receiving 40 cases of kale, lot K5492-70, from High Desert Growers 4"
EVT-S0714,PO-5492,W-17,2026-09-10T08:19:33+00:00,receive,tomatoes,60,cases,T5492-44,High Desert Growers 4,,"receiving 60 cases of tomatoes, lot T5492-44, from High Desert Growers 4"
EVT-S0715,PO-5493,W-19,2026-09-09T08:21:44+00:00,receive,celery,48,cases,C5493-77,Blue Mesa Farms,,"receiving 48 cases of celery, lot C5493-77, from Blue Mesa Farms"
EVT-S0716,PO-5494,W-18,2026-09-10T11:45:19+00:00,receive,zucchini,50,cases,Z5494-49,North Fork Cold 5,,"receiving 50 cases of zucchini, lot Z5494-49, from North Fork Cold 5"
EVT-S0717,PO-5495,W-17,2026-09-08T09:25:09+00:00,receive,corn,20,cases,C5495-54,CoolChain Farms,,"receiving 20 cases of corn, lot C5495-54, from CoolChain Farms"
EVT-S0718,PO-5496,W-18,2026-09-08T11:45:00+00:00,receive,iceberg,6,cases,I5496-47,Sierra Packing 2,,"receiving 6 cases of iceberg, lot I5496-47, from Sierra Packing 2"
EVT-S0719,PO-5497,W-17,2026-09-09T13:59:00+00:00,receive,broccoli,52,cases,B5497-30,Blue Mesa Farms,,"receiving 52 cases of broccoli, lot B5497-30, from Blue Mesa Farms"
EVT-S0720,PO-5497,W-17,2026-09-09T14:02:00+00:00,confirm_discrepancy,broccoli,52,cases,B5497-30,Blue Mesa Farms,CLQ-RCV-5497-BRO,"yeah that's right, 52 on the pallet, PO only called for 48"
EVT-S0721,PO-5498,W-17,2026-09-10T12:42:24+00:00,receive,avocado,24,cases,A5498-76,Valley Mist 4,,"receiving 24 cases of avocado, lot A5498-76, from Valley Mist 4"
EVT-S0722,PO-5499,W-19,2026-09-10T14:57:39+00:00,receive,cucumbers,60,cases,C5499-44,Fresh Farms 4,,"receiving 60 cases of cucumbers, lot C5499-44, from Fresh Farms 4"
EVT-S0723,PO-5500,W-18,2026-09-08T14:28:04+00:00,receive,tomatoes,50,cases,T5500-44,Berry Grove Co,,"receiving 50 cases of tomatoes, lot T5500-44, from Berry Grove Co"
EVT-S0724,PO-5500,W-18,2026-09-08T14:28:04+00:00,receive,onions,50,cases,O5500-34,Berry Grove Co,,"receiving 50 cases of onions, lot O5500-34, from Berry Grove Co"
EVT-S0725,PO-5501,W-17,2026-09-08T08:29:03+00:00,receive,romaine,30,cases,R5501-66,Prairie Lot 6,,"receiving 30 cases of romaine, lot R5501-66, from Prairie Lot 6"
EVT-S0726,PO-5502,W-18,2026-09-10T09:11:05+00:00,receive,avocado,50,cases,A5502-57,Fresh Farms,,"receiving 50 cases of avocado, lot A5502-57, from Fresh Farms"
EVT-S0727,PO-5503,W-17,2026-09-09T13:57:02+00:00,receive,lettuce,6,cases,L5503-33,CoolChain Farms,,"receiving 6 cases of lettuce, lot L5503-33, from CoolChain Farms"
EVT-S0728,PO-5503,W-17,2026-09-09T13:57:02+00:00,receive,strawberries,20,cases,S5503-11,CoolChain Farms,,"receiving 20 cases of strawberries, lot S5503-11, from CoolChain Farms"
EVT-S0729,PO-5504,W-18,2026-09-07T13:45:45+00:00,receive,oranges,14,cases,O5504-22,GreenLeaf Produce,,"receiving 14 cases of oranges, lot O5504-22, from GreenLeaf Produce"
EVT-S0730,PO-5504,W-18,2026-09-07T13:48:45+00:00,confirm_discrepancy,oranges,14,cases,O5504-22,GreenLeaf Produce,CLQ-RCV-5504-ORA,"yeah that's right, only 14 on the pallet, not 24"
EVT-S0731,PO-5505,W-19,2026-09-09T15:34:13+00:00,receive,beets,20,cases,B5505-90,Sunridge Organics,,"receiving 20 cases of beets, lot B5505-90, from Sunridge Organics"
EVT-S0732,PO-5506,W-17,2026-09-10T13:33:59+00:00,receive,cucumbers,16,cases,C5506-16,Blue Mesa Farms,,"receiving 16 cases of cucumbers, lot C5506-16, from Blue Mesa Farms"
EVT-S0733,PO-5507,W-18,2026-09-11T09:03:07+00:00,receive,strawberries,22,cases,S5507-25,Berry Grove Co,,"receiving 22 cases of strawberries, lot S5507-25, from Berry Grove Co"
EVT-S0734,PO-5508,W-19,2026-09-08T09:16:00+00:00,receive,iceberg,20,cases,I5508-57,Prairie Lot 6,,"receiving 20 cases of iceberg, lot I5508-57, from Prairie Lot 6"
EVT-S0735,PO-5509,W-19,2026-09-11T09:19:10+00:00,receive,beets,12,cases,B5509-17,North Fork Cold,,"receiving 12 cases of beets, lot B5509-17, from North Fork Cold"
EVT-S0736,PO-5510,W-17,2026-09-08T08:30:44+00:00,receive,strawberries,60,cases,S5510-92,Blue Mesa Farms,,"receiving 60 cases of strawberries, lot S5510-92, from Blue Mesa Farms"
EVT-S0737,PO-5510,W-17,2026-09-08T08:30:44+00:00,receive,corn,50,cases,C5510-34,Blue Mesa Farms,,"receiving 50 cases of corn, lot C5510-34, from Blue Mesa Farms"
EVT-S0738,PO-5511,W-18,2026-09-07T10:25:22+00:00,receive,iceberg,50,cases,I5511-81,Berry Grove Co 3,,"receiving 50 cases of iceberg, lot I5511-81, from Berry Grove Co 3"
EVT-S0739,PO-5512,W-17,2026-09-08T13:08:31+00:00,receive,kale,50,cases,K5512-45,Berry Grove Co,,"receiving 50 cases of kale, lot K5512-45, from Berry Grove Co"
EVT-S0740,PO-5514,W-17,2026-09-11T11:31:24+00:00,receive,kale,24,cases,K5514-51,GreenLeaf Produce 3,,"receiving 24 cases of kale, lot K5514-51, from GreenLeaf Produce 3"
EVT-S0741,PO-5515,W-17,2026-09-10T12:49:34+00:00,receive,iceberg,60,cases,I5515-29,GreenLeaf Produce 4,,"receiving 60 cases of iceberg, lot I5515-29, from GreenLeaf Produce 4"
EVT-S0742,PO-5516,W-17,2026-09-10T09:57:26+00:00,receive,cucumbers,12,cases,C5516-26,High Desert Growers 2,,"receiving 12 cases of cucumbers, lot C5516-26, from High Desert Growers 2"
EVT-S0743,PO-5516,W-17,2026-09-10T09:57:26+00:00,receive,strawberries,12,cases,S5516-35,High Desert Growers 2,,"receiving 12 cases of strawberries, lot S5516-35, from High Desert Growers 2"
EVT-S0744,PO-5517,W-19,2026-09-07T08:50:06+00:00,receive,cucumbers,60,cases,C5517-89,Fresh Farms,,"receiving 60 cases of cucumbers, lot C5517-89, from Fresh Farms"
EVT-S0745,PO-5518,W-19,2026-09-10T09:23:03+00:00,receive,romaine,24,cases,R5518-93,Valley Mist,,"receiving 24 cases of romaine, lot R5518-93, from Valley Mist"
EVT-S0746,PO-5519,W-19,2026-09-09T14:47:53+00:00,receive,broccoli,48,cases,B5519-57,Fresh Farms,,"receiving 48 cases of broccoli, lot B5519-57, from Fresh Farms"
EVT-S0747,PO-5519,W-19,2026-09-09T14:47:53+00:00,receive,cabbage,12,cases,C5519-88,Fresh Farms,,"receiving 12 cases of cabbage, lot C5519-88, from Fresh Farms"
EVT-S0748,PO-5520,W-18,2026-09-08T07:32:46+00:00,receive,strawberries,56,cases,S5520-22,Fresh Farms,,"receiving 56 cases of strawberries, lot S5520-22, from Fresh Farms"
EVT-S0749,PO-5520,W-18,2026-09-08T07:32:46+00:00,receive,potatoes,54,cases,P5520-34,Fresh Farms,,"receiving 54 cases of potatoes, lot P5520-34, from Fresh Farms"
EVT-S0750,PO-5521,W-17,2026-09-07T12:48:15+00:00,receive,broccoli,16,cases,B5521-91,Prairie Lot,,"receiving 16 cases of broccoli, lot B5521-91, from Prairie Lot"
EVT-S0751,PO-5523,W-19,2026-09-08T10:04:42+00:00,receive,kale,40,cases,K5523-80,Berry Grove Co,,"receiving 40 cases of kale, lot K5523-80, from Berry Grove Co"
EVT-S0752,PO-5524,W-19,2026-09-12T09:58:54+00:00,receive,potatoes,24,cases,P5524-82,Valley Mist,,"receiving 24 cases of potatoes, lot P5524-82, from Valley Mist"
EVT-S0753,PO-5525,W-19,2026-09-09T10:24:49+00:00,receive,lemons,50,cases,L5525-60,Blue Mesa Farms,,"receiving 50 cases of lemons, lot L5525-60, from Blue Mesa Farms"
EVT-S0754,PO-5526,W-19,2026-09-07T07:29:18+00:00,receive,green beans,12,cases,G5526-48,GreenLeaf Produce 2,,"receiving 12 cases of green beans, lot G5526-48, from GreenLeaf Produce 2"
EVT-S0755,PO-5526,W-19,2026-09-07T07:29:18+00:00,receive,limes,24,cases,L5526-50,GreenLeaf Produce 2,,"receiving 24 cases of limes, lot L5526-50, from GreenLeaf Produce 2"
EVT-S0756,PO-5527,W-19,2026-09-07T14:12:44+00:00,receive,broccoli,20,cases,B5527-22,CoolChain Farms 4,,"receiving 20 cases of broccoli, lot B5527-22, from CoolChain Farms 4"
EVT-S0757,PO-5528,W-18,2026-09-07T10:14:09+00:00,receive,spinach,30,cases,S5528-48,Fresh Farms,,"receiving 30 cases of spinach, lot S5528-48, from Fresh Farms"
EVT-S0758,PO-5529,W-19,2026-09-07T10:36:36+00:00,receive,kale,50,cases,K5529-32,Blue Mesa Farms 5,,"receiving 50 cases of kale, lot K5529-32, from Blue Mesa Farms 5"
EVT-S0759,PO-5529,W-19,2026-09-07T10:36:36+00:00,receive,iceberg,16,cases,I5529-86,Blue Mesa Farms 5,,"receiving 16 cases of iceberg, lot I5529-86, from Blue Mesa Farms 5"
EVT-S0760,PO-5530,W-18,2026-09-10T07:31:46+00:00,receive,romaine,40,cases,R5530-54,Fresh Farms 4,,"receiving 40 cases of romaine, lot R5530-54, from Fresh Farms 4"
EVT-S0761,PO-5530,W-18,2026-09-10T07:31:46+00:00,receive,green beans,48,cases,G5530-63,Fresh Farms 4,,"receiving 48 cases of green beans, lot G5530-63, from Fresh Farms 4"
EVT-S0762,PO-5531,W-19,2026-09-12T08:13:55+00:00,receive,carrots,4,cases,C5531-90,Sunridge Organics 3,,"receiving 4 cases of carrots, lot C5531-90, from Sunridge Organics 3"
EVT-S0763,PO-5532,W-19,2026-09-08T09:48:33+00:00,receive,kale,18,cases,K5532-16,Fresh Farms,,"receiving 18 cases of kale, lot K5532-16, from Fresh Farms"
EVT-S0764,PO-5533,W-19,2026-09-10T15:42:25+00:00,receive,romaine,40,cases,R5533-60,Prairie Lot 6,,"receiving 40 cases of romaine, lot R5533-60, from Prairie Lot 6"
EVT-S0765,PO-5534,W-19,2026-09-07T10:04:05+00:00,receive,avocado,16,cases,A5534-61,Sunridge Organics,,"receiving 16 cases of avocado, lot A5534-61, from Sunridge Organics"
EVT-S0766,PO-5534,W-19,2026-09-07T10:04:05+00:00,receive,iceberg,20,cases,I5534-27,Sunridge Organics,,"receiving 20 cases of iceberg, lot I5534-27, from Sunridge Organics"
EVT-S0767,PO-5535,W-19,2026-09-09T08:53:31+00:00,receive,celery,54,cases,C5535-41,Pacific Pack,,"receiving 54 cases of celery, lot C5535-41, from Pacific Pack"
EVT-S0768,PO-5536,W-19,2026-09-07T13:49:27+00:00,receive,peppers,48,cases,P5536-56,CoolChain Farms,,"receiving 48 cases of peppers, lot P5536-56, from CoolChain Farms"
EVT-S0769,PO-5536,W-19,2026-09-07T13:49:27+00:00,receive,kale,40,cases,K5536-54,CoolChain Farms,,"receiving 40 cases of kale, lot K5536-54, from CoolChain Farms"
EVT-S0770,PO-5537,W-18,2026-09-09T07:24:49+00:00,receive,oranges,50,cases,O5537-89,CoolChain Farms,,"receiving 50 cases of oranges, lot O5537-89, from CoolChain Farms"
EVT-S0771,PO-5538,W-17,2026-09-07T07:34:59+00:00,receive,strawberries,16,cases,S5538-24,GreenLeaf Produce 4,,"receiving 16 cases of strawberries, lot S5538-24, from GreenLeaf Produce 4"
EVT-S0772,PO-5539,W-18,2026-09-10T09:16:39+00:00,receive,onions,16,cases,O5539-49,Prairie Lot 5,,"receiving 16 cases of onions, lot O5539-49, from Prairie Lot 5"
EVT-S0773,PO-5539,W-18,2026-09-10T09:16:39+00:00,receive,tomatoes,12,cases,T5539-52,Prairie Lot 5,,"receiving 12 cases of tomatoes, lot T5539-52, from Prairie Lot 5"
EVT-S0774,PO-5540,W-19,2026-09-07T11:47:13+00:00,receive,broccoli,20,cases,B5540-98,Berry Grove Co,,"receiving 20 cases of broccoli, lot B5540-98, from Berry Grove Co"
EVT-S0775,PO-5541,W-19,2026-09-10T07:21:24+00:00,receive,spinach,12,cases,S5541-46,Berry Grove Co 2,,"receiving 12 cases of spinach, lot S5541-46, from Berry Grove Co 2"
EVT-S0776,PO-5542,W-18,2026-09-07T13:08:39+00:00,receive,romaine,48,cases,R5542-94,GreenLeaf Produce,,"receiving 48 cases of romaine, lot R5542-94, from GreenLeaf Produce"
EVT-S0777,PO-5543,W-17,2026-09-08T14:28:58+00:00,receive,asparagus,48,cases,A5543-39,Sunridge Organics 2,,"receiving 48 cases of asparagus, lot A5543-39, from Sunridge Organics 2"
EVT-S0778,PO-5543,W-17,2026-09-08T14:28:58+00:00,receive,limes,60,cases,L5543-22,Sunridge Organics 2,,"receiving 60 cases of limes, lot L5543-22, from Sunridge Organics 2"
EVT-S0779,PO-5544,W-17,2026-09-11T11:20:55+00:00,receive,iceberg,50,cases,I5544-81,GreenLeaf Produce 2,,"receiving 50 cases of iceberg, lot I5544-81, from GreenLeaf Produce 2"
EVT-S0780,PO-5545,W-19,2026-09-12T07:23:02+00:00,receive,iceberg,20,cases,I5545-12,GreenLeaf Produce,,"receiving 20 cases of iceberg, lot I5545-12, from GreenLeaf Produce"
EVT-S0781,PO-5546,W-17,2026-09-08T10:12:22+00:00,receive,limes,30,cases,L5546-17,Valley Mist 2,,"receiving 30 cases of limes, lot L5546-17, from Valley Mist 2"
EVT-S0782,PO-5547,W-17,2026-09-10T14:41:24+00:00,receive,herbs,20,cases,H5547-53,Valley Mist 5,,"receiving 20 cases of herbs, lot H5547-53, from Valley Mist 5"
EVT-S0783,PO-5548,W-18,2026-09-11T12:48:08+00:00,receive,peppers,24,cases,P5548-63,Fresh Farms,,"receiving 24 cases of peppers, lot P5548-63, from Fresh Farms"
EVT-S0784,PO-5549,W-19,2026-09-08T08:30:27+00:00,receive,blueberries,24,cases,B5549-93,Prairie Lot 6,,"receiving 24 cases of blueberries, lot B5549-93, from Prairie Lot 6"
EVT-S0785,PO-5550,W-17,2026-09-07T11:49:43+00:00,receive,onions,60,cases,O5550-27,Harbor Greens 3,,"receiving 60 cases of onions, lot O5550-27, from Harbor Greens 3"
EVT-S0786,PO-5551,W-19,2026-09-09T14:57:49+00:00,receive,spinach,60,cases,S5551-78,Fresh Farms,,"receiving 60 cases of spinach, lot S5551-78, from Fresh Farms"
EVT-S0787,PO-5552,W-17,2026-09-12T08:12:11+00:00,receive,lettuce,48,cases,L5552-62,CoolChain Farms,,"receiving 48 cases of lettuce, lot L5552-62, from CoolChain Farms"
EVT-S0788,PO-5553,W-19,2026-09-08T13:33:59+00:00,receive,spinach,24,cases,S5553-23,GreenLeaf Produce 4,,"receiving 24 cases of spinach, lot S5553-23, from GreenLeaf Produce 4"
EVT-S0789,PO-5554,W-19,2026-09-07T07:25:48+00:00,receive,broccoli,24,cases,B5554-86,Pacific Pack 7,,"receiving 24 cases of broccoli, lot B5554-86, from Pacific Pack 7"
EVT-S0790,PO-5556,W-17,2026-09-08T14:28:24+00:00,receive,strawberries,48,cases,S5556-11,North Fork Cold,,"receiving 48 cases of strawberries, lot S5556-11, from North Fork Cold"
EVT-S0791,PO-5557,W-19,2026-09-12T15:18:26+00:00,receive,corn,16,cases,C5557-32,Berry Grove Co,,"receiving 16 cases of corn, lot C5557-32, from Berry Grove Co"
EVT-S0792,PO-5558,W-18,2026-09-12T15:36:28+00:00,receive,asparagus,24,cases,A5558-64,Harbor Greens 4,,"receiving 24 cases of asparagus, lot A5558-64, from Harbor Greens 4"
EVT-S0793,PO-5559,W-18,2026-09-08T07:33:38+00:00,receive,avocado,56,cases,A5559-76,GreenLeaf Produce 3,,"receiving 56 cases of avocado, lot A5559-76, from GreenLeaf Produce 3"
EVT-S0794,PO-5560,W-17,2026-09-07T11:05:52+00:00,receive,avocado,12,cases,A5560-81,Fresh Farms 5,,"receiving 12 cases of avocado, lot A5560-81, from Fresh Farms 5"
EVT-S0795,PO-5562,W-17,2026-09-09T10:48:18+00:00,receive,cauliflower,50,cases,C5562-92,CoolChain Farms 2,,"receiving 50 cases of cauliflower, lot C5562-92, from CoolChain Farms 2"
EVT-S0796,PO-5563,W-19,2026-09-09T13:21:32+00:00,receive,onions,20,cases,O5563-60,Fresh Farms,,"receiving 20 cases of onions, lot O5563-60, from Fresh Farms"
EVT-S0797,PO-5564,W-19,2026-09-08T11:02:01+00:00,receive,cauliflower,50,cases,C5564-21,Berry Grove Co,,"receiving 50 cases of cauliflower, lot C5564-21, from Berry Grove Co"
EVT-S0798,PO-5565,W-17,2026-09-08T13:06:41+00:00,receive,romaine,24,cases,R5565-67,Sunridge Organics 5,,"receiving 24 cases of romaine, lot R5565-67, from Sunridge Organics 5"
EVT-S0799,PO-5565,W-17,2026-09-08T13:09:41+00:00,confirm_discrepancy,romaine,24,cases,R5565-67,Sunridge Organics 5,CLQ-RCV-5565-ROM,"yeah that's right, 24 on the pallet, PO only called for 16"
EVT-S0800,PO-5566,W-19,2026-09-10T07:55:33+00:00,receive,blueberries,20,cases,B5566-58,Harbor Greens 2,,"receiving 20 cases of blueberries, lot B5566-58, from Harbor Greens 2"
EVT-S0801,PO-5567,W-18,2026-09-09T07:34:49+00:00,receive,cucumbers,14,cases,C5567-28,Berry Grove Co,,"receiving 14 cases of cucumbers, lot C5567-28, from Berry Grove Co"
EVT-S0802,PO-5567,W-18,2026-09-09T07:37:49+00:00,confirm_discrepancy,cucumbers,14,cases,C5567-28,Berry Grove Co,CLQ-RCV-5567-CUC,"yeah that's right, only 14 on the pallet, not 20"
EVT-S0803,PO-5569,W-17,2026-09-07T14:52:08+00:00,receive,spinach,50,cases,S5569-73,Red River Produce 6,,"receiving 50 cases of spinach, lot S5569-73, from Red River Produce 6"
EVT-S0804,PO-5570,W-18,2026-09-11T11:50:51+00:00,receive,carrots,50,cases,C5570-68,Fresh Farms,,"receiving 50 cases of carrots, lot C5570-68, from Fresh Farms"
EVT-S0805,PO-5571,W-17,2026-09-08T07:52:38+00:00,receive,spinach,60,cases,S5571-36,GreenLeaf Produce 2,,"receiving 60 cases of spinach, lot S5571-36, from GreenLeaf Produce 2"
EVT-S0806,PO-5572,W-17,2026-09-07T08:27:03+00:00,receive,romaine,30,cases,R5572-52,Coastal Crisp 2,,"receiving 30 cases of romaine, lot R5572-52, from Coastal Crisp 2"
EVT-S0807,PO-5572,W-17,2026-09-07T08:27:03+00:00,receive,radish,12,cases,R5572-23,Coastal Crisp 2,,"receiving 12 cases of radish, lot R5572-23, from Coastal Crisp 2"
EVT-S0808,PO-5573,W-19,2026-09-08T08:43:10+00:00,receive,onions,60,cases,O5573-32,North Fork Cold 2,,"receiving 60 cases of onions, lot O5573-32, from North Fork Cold 2"
EVT-S0809,PO-5574,W-17,2026-09-12T13:35:37+00:00,receive,spinach,40,cases,S5574-58,Valley Mist,,"receiving 40 cases of spinach, lot S5574-58, from Valley Mist"
EVT-S0810,PO-5574,W-17,2026-09-12T13:35:37+00:00,receive,zucchini,48,cases,Z5574-80,Valley Mist,,"receiving 48 cases of zucchini, lot Z5574-80, from Valley Mist"
EVT-S0811,PO-5575,W-18,2026-09-07T11:13:08+00:00,receive,avocado,24,cases,A5575-99,Fresh Farms,,"receiving 24 cases of avocado, lot A5575-99, from Fresh Farms"
EVT-S0812,PO-5576,W-19,2026-09-07T07:41:06+00:00,receive,romaine,30,cases,R5576-64,Prairie Lot,,"receiving 30 cases of romaine, lot R5576-64, from Prairie Lot"
EVT-S0813,PO-5577,W-19,2026-09-09T09:54:16+00:00,receive,romaine,40,cases,R5577-73,Sierra Packing,,"receiving 40 cases of romaine, lot R5577-73, from Sierra Packing"
EVT-S0814,PO-5577,W-19,2026-09-09T09:57:16+00:00,confirm_discrepancy,romaine,40,cases,R5577-73,Sierra Packing,CLQ-RCV-5577-ROM,"yeah that's right, only 40 on the pallet, not 50"
EVT-S0815,PO-5578,W-18,2026-09-11T14:44:39+00:00,receive,romaine,12,cases,R5578-69,Berry Grove Co,,"receiving 12 cases of romaine, lot R5578-69, from Berry Grove Co"
EVT-S0816,PO-5579,W-19,2026-09-10T08:12:47+00:00,receive,avocado,32,cases,A5579-81,Sunridge Organics 4,,"receiving 32 cases of avocado, lot A5579-81, from Sunridge Organics 4"
EVT-S0817,PO-5580,W-19,2026-09-11T09:00:00+00:00,receive,cabbage,30,cases,C5580-48,High Desert Growers 2,,"receiving 30 cases of cabbage, lot C5580-48, from High Desert Growers 2"
EVT-S0818,PO-5581,W-19,2026-09-09T09:57:49+00:00,receive,avocado,12,cases,A5581-32,Fresh Farms,,"receiving 12 cases of avocado, lot A5581-32, from Fresh Farms"
EVT-S0819,PO-5582,W-18,2026-09-07T14:18:21+00:00,receive,cabbage,20,cases,C5582-71,Harbor Greens 5,,"receiving 20 cases of cabbage, lot C5582-71, from Harbor Greens 5"
EVT-S0820,PO-5583,W-18,2026-09-07T11:07:57+00:00,receive,zucchini,12,cases,Z5583-76,Blue Mesa Farms 4,,"receiving 12 cases of zucchini, lot Z5583-76, from Blue Mesa Farms 4"
EVT-S0821,PO-5584,W-19,2026-09-08T13:23:43+00:00,receive,broccoli,40,cases,B5584-55,CoolChain Farms,,"receiving 40 cases of broccoli, lot B5584-55, from CoolChain Farms"
EVT-S0822,PO-5584,W-19,2026-09-08T13:23:43+00:00,receive,romaine,20,cases,R5584-45,CoolChain Farms,,"receiving 20 cases of romaine, lot R5584-45, from CoolChain Farms"
EVT-S0823,PO-5585,W-17,2026-09-11T10:05:24+00:00,receive,avocado,16,cases,A5585-49,Valley Mist 2,,"receiving 16 cases of avocado, lot A5585-49, from Valley Mist 2"
EVT-S0824,PO-5586,W-18,2026-09-10T09:53:45+00:00,receive,green beans,40,cases,G5586-67,Fresh Farms,,"receiving 40 cases of green beans, lot G5586-67, from Fresh Farms"
EVT-S0825,PO-5586,W-18,2026-09-10T09:53:45+00:00,receive,squash,30,cases,S5586-37,Fresh Farms,,"receiving 30 cases of squash, lot S5586-37, from Fresh Farms"
